id,character_id,character_name,archeotype,element,skill_slot,name,description,target,effects,level_acquisition,max_upgrades,upgrade_notes,cooldown_rounds
SK0001,001,Mooni,ranger,Anemo,1,Gale Precision Shot,"Mooni channels Anemo power through gale precision shot, applying displace pressure with damage + mark.",Single enemy in backline preferred,damage + mark,1,3,U1: +12% base potency and +5% status chance; U2: adds secondary displace interaction and -1 cooldown every 2 uses; U3: +20% scaling from ranger core stat and grants bonus effect on critical timing.,1
SK0002,001,Mooni,ranger,Anemo,2,Zephyr Skirmish Step,"Mooni channels Anemo power through zephyr skirmish step, applying displace pressure with speed up + evasion up.",Self and nearest ally,speed up + evasion up,6,3,U1: +12% base potency and +5% status chance; U2: adds secondary displace interaction and -1 cooldown every 2 uses; U3: +20% scaling from ranger core stat and grants bonus effect on critical timing.,2
SK0003,001,Mooni,ranger,Anemo,3,Tempest Suppressing Volley,"Mooni channels Anemo power through tempest suppressing volley, applying displace pressure with multi-hit + anti-heal.",Row target,multi-hit + anti-heal,12,3,U1: +12% base potency and +5% status chance; U2: adds secondary displace interaction and -1 cooldown every 2 uses; U3: +20% scaling from ranger core stat and grants bonus effect on critical timing.,3
SK0004,001,Mooni,ranger,Anemo,4,Draft Finisher Lane,"Mooni channels Anemo power through draft finisher lane, applying displace pressure with execute scaling damage.",Lowest HP enemy,execute scaling damage,18,3,U1: +12% base potency and +5% status chance; U2: adds secondary displace interaction and -1 cooldown every 2 uses; U3: +20% scaling from ranger core stat and grants bonus effect on critical timing.,4
SK0005,002,Illya,warrior,Hydro,1,Tide Guard Breaker,"Illya channels Hydro power through tide guard breaker, applying soak pressure with damage + defense down.",Frontline enemy,damage + defense down,1,3,U1: +12% base potency and +5% status chance; U2: adds secondary soak interaction and -1 cooldown every 2 uses; U3: +20% scaling from warrior core stat and grants bonus effect on critical timing.,1
SK0006,002,Illya,warrior,Hydro,2,Current Battle Rhythm,"Illya channels Hydro power through current battle rhythm, applying soak pressure with attack up + cleanse one debuff.",Self,attack up + cleanse one debuff,6,3,U1: +12% base potency and +5% status chance; U2: adds secondary soak interaction and -1 cooldown every 2 uses; U3: +20% scaling from warrior core stat and grants bonus effect on critical timing.,2
SK0007,002,Illya,warrior,Hydro,3,Mist Formation Cleave,"Illya channels Hydro power through mist formation cleave, applying soak pressure with aoe damage + stagger chance.",Front row / cone,aoe damage + stagger chance,12,3,U1: +12% base potency and +5% status chance; U2: adds secondary soak interaction and -1 cooldown every 2 uses; U3: +20% scaling from warrior core stat and grants bonus effect on critical timing.,3
SK0008,002,Illya,warrior,Hydro,4,Surge Commanding Strike,"Illya channels Hydro power through surge commanding strike, applying soak pressure with heavy damage + team morale buff.",Marked enemy,heavy damage + team morale buff,18,3,U1: +12% base potency and +5% status chance; U2: adds secondary soak interaction and -1 cooldown every 2 uses; U3: +20% scaling from warrior core stat and grants bonus effect on critical timing.,4
SK0009,003,Iris,warrior,Hydro,1,Tide Guard Breaker,"Iris channels Hydro power through tide guard breaker, applying soak pressure with damage + defense down.",Frontline enemy,damage + defense down,1,3,U1: +12% base potency and +5% status chance; U2: adds secondary soak interaction and -1 cooldown every 2 uses; U3: +20% scaling from warrior core stat and grants bonus effect on critical timing.,1
SK0010,003,Iris,warrior,Hydro,2,Current Battle Rhythm,"Iris channels Hydro power through current battle rhythm, applying soak pressure with attack up + cleanse one debuff.",Self,attack up + cleanse one debuff,6,3,U1: +12% base potency and +5% status chance; U2: adds secondary soak interaction and -1 cooldown every 2 uses; U3: +20% scaling from warrior core stat and grants bonus effect on critical timing.,2
SK0011,003,Iris,warrior,Hydro,3,Mist Formation Cleave,"Iris channels Hydro power through mist formation cleave, applying soak pressure with aoe damage + stagger chance.",Front row / cone,aoe damage + stagger chance,12,3,U1: +12% base potency and +5% status chance; U2: adds secondary soak interaction and -1 cooldown every 2 uses; U3: +20% scaling from warrior core stat and grants bonus effect on critical timing.,3
SK0012,003,Iris,warrior,Hydro,4,Surge Commanding Strike,"Iris channels Hydro power through surge commanding strike, applying soak pressure with heavy damage + team morale buff.",Marked enemy,heavy damage + team morale buff,18,3,U1: +12% base potency and +5% status chance; U2: adds secondary soak interaction and -1 cooldown every 2 uses; U3: +20% scaling from warrior core stat and grants bonus effect on critical timing.,4
SK0013,004,Loki,ranger,Anemo,1,Gale Precision Shot,"Loki channels Anemo power through gale precision shot, applying displace pressure with damage + mark.",Single enemy in backline preferred,damage + mark,1,3,U1: +12% base potency and +5% status chance; U2: adds secondary displace interaction and -1 cooldown every 2 uses; U3: +20% scaling from ranger core stat and grants bonus effect on critical timing.,1
SK0014,004,Loki,ranger,Anemo,2,Zephyr Skirmish Step,"Loki channels Anemo power through zephyr skirmish step, applying displace pressure with speed up + evasion up.",Self and nearest ally,speed up + evasion up,6,3,U1: +12% base potency and +5% status chance; U2: adds secondary displace interaction and -1 cooldown every 2 uses; U3: +20% scaling from ranger core stat and grants bonus effect on critical timing.,2
SK0015,004,Loki,ranger,Anemo,3,Tempest Suppressing Volley,"Loki channels Anemo power through tempest suppressing volley, applying displace pressure with multi-hit + anti-heal.",Row target,multi-hit + anti-heal,12,3,U1: +12% base potency and +5% status chance; U2: adds secondary displace interaction and -1 cooldown every 2 uses; U3: +20% scaling from ranger core stat and grants bonus effect on critical timing.,3
SK0016,004,Loki,ranger,Anemo,4,Draft Finisher Lane,"Loki channels Anemo power through draft finisher lane, applying displace pressure with execute scaling damage.",Lowest HP enemy,execute scaling damage,18,3,U1: +12% base potency and +5% status chance; U2: adds secondary displace interaction and -1 cooldown every 2 uses; U3: +20% scaling from ranger core stat and grants bonus effect on critical timing.,4
SK0017,005,Soltina,magician,Hydro,1,Tide Sigil Bolt,"Soltina channels Hydro power through tide sigil bolt, applying soak pressure with magic damage + status seed.",Single enemy,magic damage + status seed,1,3,U1: +12% base potency and +5% status chance; U2: adds secondary soak interaction and -1 cooldown every 2 uses; U3: +20% scaling from magician core stat and grants bonus effect on critical timing.,1
SK0018,005,Soltina,magician,Hydro,2,Current Catalyst Weave,"Soltina channels Hydro power through current catalyst weave, applying soak pressure with magic amplification stack.",Self,magic amplification stack,6,3,U1: +12% base potency and +5% status chance; U2: adds secondary soak interaction and -1 cooldown every 2 uses; U3: +20% scaling from magician core stat and grants bonus effect on critical timing.,2
SK0019,005,Soltina,magician,Hydro,3,Mist Field Distortion,"Soltina channels Hydro power through mist field distortion, applying soak pressure with aoe damage + debuff spread.",All enemies,aoe damage + debuff spread,12,3,U1: +12% base potency and +5% status chance; U2: adds secondary soak interaction and -1 cooldown every 2 uses; U3: +20% scaling from magician core stat and grants bonus effect on critical timing.,3
SK0020,005,Soltina,magician,Hydro,4,Surge Grand Invocation,"Soltina channels Hydro power through surge grand invocation, applying soak pressure with burst damage + control chance.",Primary enemy and adjacent,burst damage + control chance,18,3,U1: +12% base potency and +5% status chance; U2: adds secondary soak interaction and -1 cooldown every 2 uses; U3: +20% scaling from magician core stat and grants bonus effect on critical timing.,4
SK0021,006,Amleth,tank,Hydro,1,Tide Bulwark Slam,"Amleth channels Hydro power through tide bulwark slam, applying soak pressure with damage + taunt.",Frontline enemy,damage + taunt,1,3,U1: +12% base potency and +5% status chance; U2: adds secondary soak interaction and -1 cooldown every 2 uses; U3: +20% scaling from tank core stat and grants bonus effect on critical timing.,1
SK0022,006,Amleth,tank,Hydro,2,Current Anchor Stance,"Amleth channels Hydro power through current anchor stance, applying soak pressure with guard up + damage reduction.",Self,guard up + damage reduction,6,3,U1: +12% base potency and +5% status chance; U2: adds secondary soak interaction and -1 cooldown every 2 uses; U3: +20% scaling from tank core stat and grants bonus effect on critical timing.,2
SK0023,006,Amleth,tank,Hydro,3,Mist Aegis Pulse,"Amleth channels Hydro power through mist aegis pulse, applying soak pressure with shield + minor heal.",All allies,shield + minor heal,12,3,U1: +12% base potency and +5% status chance; U2: adds secondary soak interaction and -1 cooldown every 2 uses; U3: +20% scaling from tank core stat and grants bonus effect on critical timing.,3
SK0024,006,Amleth,tank,Hydro,4,Surge Last Bastion,"Amleth channels Hydro power through surge last bastion, applying soak pressure with large shield + counter window.",Self and nearby allies,large shield + counter window,18,3,U1: +12% base potency and +5% status chance; U2: adds secondary soak interaction and -1 cooldown every 2 uses; U3: +20% scaling from tank core stat and grants bonus effect on critical timing.,4
SK0025,007,Fenrir,magician,Anemo,1,Gale Sigil Bolt,"Fenrir channels Anemo power through gale sigil bolt, applying displace pressure with magic damage + status seed.",Single enemy,magic damage + status seed,1,3,U1: +12% base potency and +5% status chance; U2: adds secondary displace interaction and -1 cooldown every 2 uses; U3: +20% scaling from magician core stat and grants bonus effect on critical timing.,1
SK0026,007,Fenrir,magician,Anemo,2,Zephyr Catalyst Weave,"Fenrir channels Anemo power through zephyr catalyst weave, applying displace pressure with magic amplification stack.",Self,magic amplification stack,6,3,U1: +12% base potency and +5% status chance; U2: adds secondary displace interaction and -1 cooldown every 2 uses; U3: +20% scaling from magician core stat and grants bonus effect on critical timing.,2
SK0027,007,Fenrir,magician,Anemo,3,Tempest Field Distortion,"Fenrir channels Anemo power through tempest field distortion, applying displace pressure with aoe damage + debuff spread.",All enemies,aoe damage + debuff spread,12,3,U1: +12% base potency and +5% status chance; U2: adds secondary displace interaction and -1 cooldown every 2 uses; U3: +20% scaling from magician core stat and grants bonus effect on critical timing.,3
SK0028,007,Fenrir,magician,Anemo,4,Draft Grand Invocation,"Fenrir channels Anemo power through draft grand invocation, applying displace pressure with burst damage + control chance.",Primary enemy and adjacent,burst damage + control chance,18,3,U1: +12% base potency and +5% status chance; U2: adds secondary displace interaction and -1 cooldown every 2 uses; U3: +20% scaling from magician core stat and grants bonus effect on critical timing.,4
SK0029,008,Florence,warrior,Hydro,1,Tide Guard Breaker,"Florence channels Hydro power through tide guard breaker, applying soak pressure with damage + defense down.",Frontline enemy,damage + defense down,1,3,U1: +12% base potency and +5% status chance; U2: adds secondary soak interaction and -1 cooldown every 2 uses; U3: +20% scaling from warrior core stat and grants bonus effect on critical timing.,1
SK0030,008,Florence,warrior,Hydro,2,Current Battle Rhythm,"Florence channels Hydro power through current battle rhythm, applying soak pressure with attack up + cleanse one debuff.",Self,attack up + cleanse one debuff,6,3,U1: +12% base potency and +5% status chance; U2: adds secondary soak interaction and -1 cooldown every 2 uses; U3: +20% scaling from warrior core stat and grants bonus effect on critical timing.,2
SK0031,008,Florence,warrior,Hydro,3,Mist Formation Cleave,"Florence channels Hydro power through mist formation cleave, applying soak pressure with aoe damage + stagger chance.",Front row / cone,aoe damage + stagger chance,12,3,U1: +12% base potency and +5% status chance; U2: adds secondary soak interaction and -1 cooldown every 2 uses; U3: +20% scaling from warrior core stat and grants bonus effect on critical timing.,3
SK0032,008,Florence,warrior,Hydro,4,Surge Commanding Strike,"Florence channels Hydro power through surge commanding strike, applying soak pressure with heavy damage + team morale buff.",Marked enemy,heavy damage + team morale buff,18,3,U1: +12% base potency and +5% status chance; U2: adds secondary soak interaction and -1 cooldown every 2 uses; U3: +20% scaling from warrior core stat and grants bonus effect on critical timing.,4
SK0033,009,Sonya,ranger,Anemo,1,Gale Precision Shot,"Sonya channels Anemo power through gale precision shot, applying displace pressure with damage + mark.",Single enemy in backline preferred,damage + mark,1,3,U1: +12% base potency and +5% status chance; U2: adds secondary displace interaction and -1 cooldown every 2 uses; U3: +20% scaling from ranger core stat and grants bonus effect on critical timing.,1
SK0034,009,Sonya,ranger,Anemo,2,Zephyr Skirmish Step,"Sonya channels Anemo power through zephyr skirmish step, applying displace pressure with speed up + evasion up.",Self and nearest ally,speed up + evasion up,6,3,U1: +12% base potency and +5% status chance; U2: adds secondary displace interaction and -1 cooldown every 2 uses; U3: +20% scaling from ranger core stat and grants bonus effect on critical timing.,2
SK0035,009,Sonya,ranger,Anemo,3,Tempest Suppressing Volley,"Sonya channels Anemo power through tempest suppressing volley, applying displace pressure with multi-hit + anti-heal.",Row target,multi-hit + anti-heal,12,3,U1: +12% base potency and +5% status chance; U2: adds secondary displace interaction and -1 cooldown every 2 uses; U3: +20% scaling from ranger core stat and grants bonus effect on critical timing.,3
SK0036,009,Sonya,ranger,Anemo,4,Draft Finisher Lane,"Sonya channels Anemo power through draft finisher lane, applying displace pressure with execute scaling damage.",Lowest HP enemy,execute scaling damage,18,3,U1: +12% base potency and +5% status chance; U2: adds secondary displace interaction and -1 cooldown every 2 uses; U3: +20% scaling from ranger core stat and grants bonus effect on critical timing.,4
SK0037,010,Moddey,buffer,Anemo,1,Gale Tactical Verse,"Moddey channels Anemo power through gale tactical verse, applying displace pressure with attack up + speed up.",Single ally,attack up + speed up,1,3,U1: +12% base potency and +5% status chance; U2: adds secondary displace interaction and -1 cooldown every 2 uses; U3: +20% scaling from buffer core stat and grants bonus effect on critical timing.,1
SK0038,010,Moddey,buffer,Anemo,2,Zephyr Tempo Call,"Moddey channels Anemo power through zephyr tempo call, applying displace pressure with cooldown acceleration.",All allies,cooldown acceleration,6,3,U1: +12% base potency and +5% status chance; U2: adds secondary displace interaction and -1 cooldown every 2 uses; U3: +20% scaling from buffer core stat and grants bonus effect on critical timing.,2
SK0039,010,Moddey,buffer,Anemo,3,Tempest Disrupting Note,"Moddey channels Anemo power through tempest disrupting note, applying displace pressure with debuff accuracy down + slow.",All enemies,debuff accuracy down + slow,12,3,U1: +12% base potency and +5% status chance; U2: adds secondary displace interaction and -1 cooldown every 2 uses; U3: +20% scaling from buffer core stat and grants bonus effect on critical timing.,3
SK0040,010,Moddey,buffer,Anemo,4,Draft Overture Protocol,"Moddey channels Anemo power through draft overture protocol, applying displace pressure with teamwide buff extension + burst assist.",Whole party,teamwide buff extension + burst assist,18,3,U1: +12% base potency and +5% status chance; U2: adds secondary displace interaction and -1 cooldown every 2 uses; U3: +20% scaling from buffer core stat and grants bonus effect on critical timing.,4
SK0041,011,Charlotte,warrior,Pyro,1,Ember Guard Breaker,"Charlotte channels Pyro power through ember guard breaker, applying burn pressure with damage + defense down.",Frontline enemy,damage + defense down,1,3,U1: +12% base potency and +5% status chance; U2: adds secondary burn interaction and -1 cooldown every 2 uses; U3: +20% scaling from warrior core stat and grants bonus effect on critical timing.,1
SK0042,011,Charlotte,warrior,Pyro,2,Cinder Battle Rhythm,"Charlotte channels Pyro power through cinder battle rhythm, applying burn pressure with attack up + cleanse one debuff.",Self,attack up + cleanse one debuff,6,3,U1: +12% base potency and +5% status chance; U2: adds secondary burn interaction and -1 cooldown every 2 uses; U3: +20% scaling from warrior core stat and grants bonus effect on critical timing.,2
SK0043,011,Charlotte,warrior,Pyro,3,Flare Formation Cleave,"Charlotte channels Pyro power through flare formation cleave, applying burn pressure with aoe damage + stagger chance.",Front row / cone,aoe damage + stagger chance,12,3,U1: +12% base potency and +5% status chance; U2: adds secondary burn interaction and -1 cooldown every 2 uses; U3: +20% scaling from warrior core stat and grants bonus effect on critical timing.,3
SK0044,011,Charlotte,warrior,Pyro,4,Inferno Commanding Strike,"Charlotte channels Pyro power through inferno commanding strike, applying burn pressure with heavy damage + team morale buff.",Marked enemy,heavy damage + team morale buff,18,3,U1: +12% base potency and +5% status chance; U2: adds secondary burn interaction and -1 cooldown every 2 uses; U3: +20% scaling from warrior core stat and grants bonus effect on critical timing.,4
SK0045,012,Arianrhod,warrior,Pyro,1,Ember Guard Breaker,"Arianrhod channels Pyro power through ember guard breaker, applying burn pressure with damage + defense down.",Frontline enemy,damage + defense down,1,3,U1: +12% base potency and +5% status chance; U2: adds secondary burn interaction and -1 cooldown every 2 uses; U3: +20% scaling from warrior core stat and grants bonus effect on critical timing.,1
SK0046,012,Arianrhod,warrior,Pyro,2,Cinder Battle Rhythm,"Arianrhod channels Pyro power through cinder battle rhythm, applying burn pressure with attack up + cleanse one debuff.",Self,attack up + cleanse one debuff,6,3,U1: +12% base potency and +5% status chance; U2: adds secondary burn interaction and -1 cooldown every 2 uses; U3: +20% scaling from warrior core stat and grants bonus effect on critical timing.,2
SK0047,012,Arianrhod,warrior,Pyro,3,Flare Formation Cleave,"Arianrhod channels Pyro power through flare formation cleave, applying burn pressure with aoe damage + stagger chance.",Front row / cone,aoe damage + stagger chance,12,3,U1: +12% base potency and +5% status chance; U2: adds secondary burn interaction and -1 cooldown every 2 uses; U3: +20% scaling from warrior core stat and grants bonus effect on critical timing.,3
SK0048,012,Arianrhod,warrior,Pyro,4,Inferno Commanding Strike,"Arianrhod channels Pyro power through inferno commanding strike, applying burn pressure with heavy damage + team morale buff.",Marked enemy,heavy damage + team morale buff,18,3,U1: +12% base potency and +5% status chance; U2: adds secondary burn interaction and -1 cooldown every 2 uses; U3: +20% scaling from warrior core stat and grants bonus effect on critical timing.,4
SK0049,013,Theodora,magician,Pyro,1,Ember Sigil Bolt,"Theodora channels Pyro power through ember sigil bolt, applying burn pressure with magic damage + status seed.",Single enemy,magic damage + status seed,1,3,U1: +12% base potency and +5% status chance; U2: adds secondary burn interaction and -1 cooldown every 2 uses; U3: +20% scaling from magician core stat and grants bonus effect on critical timing.,1
SK0050,013,Theodora,magician,Pyro,2,Cinder Catalyst Weave,"Theodora channels Pyro power through cinder catalyst weave, applying burn pressure with magic amplification stack.",Self,magic amplification stack,6,3,U1: +12% base potency and +5% status chance; U2: adds secondary burn interaction and -1 cooldown every 2 uses; U3: +20% scaling from magician core stat and grants bonus effect on critical timing.,2
SK0051,013,Theodora,magician,Pyro,3,Flare Field Distortion,"Theodora channels Pyro power through flare field distortion, applying burn pressure with aoe damage + debuff spread.",All enemies,aoe damage + debuff spread,12,3,U1: +12% base potency and +5% status chance; U2: adds secondary burn interaction and -1 cooldown every 2 uses; U3: +20% scaling from magician core stat and grants bonus effect on critical timing.,3
SK0052,013,Theodora,magician,Pyro,4,Inferno Grand Invocation,"Theodora channels Pyro power through inferno grand invocation, applying burn pressure with burst damage + control chance.",Primary enemy and adjacent,burst damage + control chance,18,3,U1: +12% base potency and +5% status chance; U2: adds secondary burn interaction and -1 cooldown every 2 uses; U3: +20% scaling from magician core stat and grants bonus effect on critical timing.,4
SK0053,014,Petra,ranger,Pyro,1,Ember Precision Shot,"Petra channels Pyro power through ember precision shot, applying burn pressure with damage + mark.",Single enemy in backline preferred,damage + mark,1,3,U1: +12% base potency and +5% status chance; U2: adds secondary burn interaction and -1 cooldown every 2 uses; U3: +20% scaling from ranger core stat and grants bonus effect on critical timing.,1
SK0054,014,Petra,ranger,Pyro,2,Cinder Skirmish Step,"Petra channels Pyro power through cinder skirmish step, applying burn pressure with speed up + evasion up.",Self and nearest ally,speed up + evasion up,6,3,U1: +12% base potency and +5% status chance; U2: adds secondary burn interaction and -1 cooldown every 2 uses; U3: +20% scaling from ranger core stat and grants bonus effect on critical timing.,2
SK0055,014,Petra,ranger,Pyro,3,Flare Suppressing Volley,"Petra channels Pyro power through flare suppressing volley, applying burn pressure with multi-hit + anti-heal.",Row target,multi-hit + anti-heal,12,3,U1: +12% base potency and +5% status chance; U2: adds secondary burn interaction and -1 cooldown every 2 uses; U3: +20% scaling from ranger core stat and grants bonus effect on critical timing.,3
SK0056,014,Petra,ranger,Pyro,4,Inferno Finisher Lane,"Petra channels Pyro power through inferno finisher lane, applying burn pressure with execute scaling damage.",Lowest HP enemy,execute scaling damage,18,3,U1: +12% base potency and +5% status chance; U2: adds secondary burn interaction and -1 cooldown every 2 uses; U3: +20% scaling from ranger core stat and grants bonus effect on critical timing.,4
SK0057,015,Sabrina,warrior,Pyro,1,Ember Guard Breaker,"Sabrina channels Pyro power through ember guard breaker, applying burn pressure with damage + defense down.",Frontline enemy,damage + defense down,1,3,U1: +12% base potency and +5% status chance; U2: adds secondary burn interaction and -1 cooldown every 2 uses; U3: +20% scaling from warrior core stat and grants bonus effect on critical timing.,1
SK0058,015,Sabrina,warrior,Pyro,2,Cinder Battle Rhythm,"Sabrina channels Pyro power through cinder battle rhythm, applying burn pressure with attack up + cleanse one debuff.",Self,attack up + cleanse one debuff,6,3,U1: +12% base potency and +5% status chance; U2: adds secondary burn interaction and -1 cooldown every 2 uses; U3: +20% scaling from warrior core stat and grants bonus effect on critical timing.,2
SK0059,015,Sabrina,warrior,Pyro,3,Flare Formation Cleave,"Sabrina channels Pyro power through flare formation cleave, applying burn pressure with aoe damage + stagger chance.",Front row / cone,aoe damage + stagger chance,12,3,U1: +12% base potency and +5% status chance; U2: adds secondary burn interaction and -1 cooldown every 2 uses; U3: +20% scaling from warrior core stat and grants bonus effect on critical timing.,3
SK0060,015,Sabrina,warrior,Pyro,4,Inferno Commanding Strike,"Sabrina channels Pyro power through inferno commanding strike, applying burn pressure with heavy damage + team morale buff.",Marked enemy,heavy damage + team morale buff,18,3,U1: +12% base potency and +5% status chance; U2: adds secondary burn interaction and -1 cooldown every 2 uses; U3: +20% scaling from warrior core stat and grants bonus effect on critical timing.,4
SK0061,016,Freesia,magician,Pyro,1,Ember Sigil Bolt,"Freesia channels Pyro power through ember sigil bolt, applying burn pressure with magic damage + status seed.",Single enemy,magic damage + status seed,1,3,U1: +12% base potency and +5% status chance; U2: adds secondary burn interaction and -1 cooldown every 2 uses; U3: +20% scaling from magician core stat and grants bonus effect on critical timing.,1
SK0062,016,Freesia,magician,Pyro,2,Cinder Catalyst Weave,"Freesia channels Pyro power through cinder catalyst weave, applying burn pressure with magic amplification stack.",Self,magic amplification stack,6,3,U1: +12% base potency and +5% status chance; U2: adds secondary burn interaction and -1 cooldown every 2 uses; U3: +20% scaling from magician core stat and grants bonus effect on critical timing.,2
SK0063,016,Freesia,magician,Pyro,3,Flare Field Distortion,"Freesia channels Pyro power through flare field distortion, applying burn pressure with aoe damage + debuff spread.",All enemies,aoe damage + debuff spread,12,3,U1: +12% base potency and +5% status chance; U2: adds secondary burn interaction and -1 cooldown every 2 uses; U3: +20% scaling from magician core stat and grants bonus effect on critical timing.,3
SK0064,016,Freesia,magician,Pyro,4,Inferno Grand Invocation,"Freesia channels Pyro power through inferno grand invocation, applying burn pressure with burst damage + control chance.",Primary enemy and adjacent,burst damage + control chance,18,3,U1: +12% base potency and +5% status chance; U2: adds secondary burn interaction and -1 cooldown every 2 uses; U3: +20% scaling from magician core stat and grants bonus effect on critical timing.,4
SK0065,018,Rean,tank,Pyro,1,Ember Bulwark Slam,"Rean channels Pyro power through ember bulwark slam, applying burn pressure with damage + taunt.",Frontline enemy,damage + taunt,1,3,U1: +12% base potency and +5% status chance; U2: adds secondary burn interaction and -1 cooldown every 2 uses; U3: +20% scaling from tank core stat and grants bonus effect on critical timing.,1
SK0066,018,Rean,tank,Pyro,2,Cinder Anchor Stance,"Rean channels Pyro power through cinder anchor stance, applying burn pressure with guard up + damage reduction.",Self,guard up + damage reduction,6,3,U1: +12% base potency and +5% status chance; U2: adds secondary burn interaction and -1 cooldown every 2 uses; U3: +20% scaling from tank core stat and grants bonus effect on critical timing.,2
SK0067,018,Rean,tank,Pyro,3,Flare Aegis Pulse,"Rean channels Pyro power through flare aegis pulse, applying burn pressure with shield + minor heal.",All allies,shield + minor heal,12,3,U1: +12% base potency and +5% status chance; U2: adds secondary burn interaction and -1 cooldown every 2 uses; U3: +20% scaling from tank core stat and grants bonus effect on critical timing.,3
SK0068,018,Rean,tank,Pyro,4,Inferno Last Bastion,"Rean channels Pyro power through inferno last bastion, applying burn pressure with large shield + counter window.",Self and nearby allies,large shield + counter window,18,3,U1: +12% base potency and +5% status chance; U2: adds secondary burn interaction and -1 cooldown every 2 uses; U3: +20% scaling from tank core stat and grants bonus effect on critical timing.,4
SK0069,021,Shizu,warrior,Dendro,1,Vine Guard Breaker,"Shizu channels Dendro power through vine guard breaker, applying entangle pressure with damage + defense down.",Frontline enemy,damage + defense down,1,3,U1: +12% base potency and +5% status chance; U2: adds secondary entangle interaction and -1 cooldown every 2 uses; U3: +20% scaling from warrior core stat and grants bonus effect on critical timing.,1
SK0070,021,Shizu,warrior,Dendro,2,Bloom Battle Rhythm,"Shizu channels Dendro power through bloom battle rhythm, applying entangle pressure with attack up + cleanse one debuff.",Self,attack up + cleanse one debuff,6,3,U1: +12% base potency and +5% status chance; U2: adds secondary entangle interaction and -1 cooldown every 2 uses; U3: +20% scaling from warrior core stat and grants bonus effect on critical timing.,2
SK0071,021,Shizu,warrior,Dendro,3,Thorn Formation Cleave,"Shizu channels Dendro power through thorn formation cleave, applying entangle pressure with aoe damage + stagger chance.",Front row / cone,aoe damage + stagger chance,12,3,U1: +12% base potency and +5% status chance; U2: adds secondary entangle interaction and -1 cooldown every 2 uses; U3: +20% scaling from warrior core stat and grants bonus effect on critical timing.,3
SK0072,021,Shizu,warrior,Dendro,4,Canopy Commanding Strike,"Shizu channels Dendro power through canopy commanding strike, applying entangle pressure with heavy damage + team morale buff.",Marked enemy,heavy damage + team morale buff,18,3,U1: +12% base potency and +5% status chance; U2: adds secondary entangle interaction and -1 cooldown every 2 uses; U3: +20% scaling from warrior core stat and grants bonus effect on critical timing.,4
SK0073,022,Zara,warrior,Dendro,1,Vine Guard Breaker,"Zara channels Dendro power through vine guard breaker, applying entangle pressure with damage + defense down.",Frontline enemy,damage + defense down,1,3,U1: +12% base potency and +5% status chance; U2: adds secondary entangle interaction and -1 cooldown every 2 uses; U3: +20% scaling from warrior core stat and grants bonus effect on critical timing.,1
SK0074,022,Zara,warrior,Dendro,2,Bloom Battle Rhythm,"Zara channels Dendro power through bloom battle rhythm, applying entangle pressure with attack up + cleanse one debuff.",Self,attack up + cleanse one debuff,6,3,U1: +12% base potency and +5% status chance; U2: adds secondary entangle interaction and -1 cooldown every 2 uses; U3: +20% scaling from warrior core stat and grants bonus effect on critical timing.,2
SK0075,022,Zara,warrior,Dendro,3,Thorn Formation Cleave,"Zara channels Dendro power through thorn formation cleave, applying entangle pressure with aoe damage + stagger chance.",Front row / cone,aoe damage + stagger chance,12,3,U1: +12% base potency and +5% status chance; U2: adds secondary entangle interaction and -1 cooldown every 2 uses; U3: +20% scaling from warrior core stat and grants bonus effect on critical timing.,3
SK0076,022,Zara,warrior,Dendro,4,Canopy Commanding Strike,"Zara channels Dendro power through canopy commanding strike, applying entangle pressure with heavy damage + team morale buff.",Marked enemy,heavy damage + team morale buff,18,3,U1: +12% base potency and +5% status chance; U2: adds secondary entangle interaction and -1 cooldown every 2 uses; U3: +20% scaling from warrior core stat and grants bonus effect on critical timing.,4
SK0077,023,Rosalie,buffer,Electro,1,Volt Tactical Verse,"Rosalie channels Electro power through volt tactical verse, applying shock pressure with attack up + speed up.",Single ally,attack up + speed up,1,3,U1: +12% base potency and +5% status chance; U2: adds secondary shock interaction and -1 cooldown every 2 uses; U3: +20% scaling from buffer core stat and grants bonus effect on critical timing.,1
SK0078,023,Rosalie,buffer,Electro,2,Arc Tempo Call,"Rosalie channels Electro power through arc tempo call, applying shock pressure with cooldown acceleration.",All allies,cooldown acceleration,6,3,U1: +12% base potency and +5% status chance; U2: adds secondary shock interaction and -1 cooldown every 2 uses; U3: +20% scaling from buffer core stat and grants bonus effect on critical timing.,2
SK0079,023,Rosalie,buffer,Electro,3,Static Disrupting Note,"Rosalie channels Electro power through static disrupting note, applying shock pressure with debuff accuracy down + slow.",All enemies,debuff accuracy down + slow,12,3,U1: +12% base potency and +5% status chance; U2: adds secondary shock interaction and -1 cooldown every 2 uses; U3: +20% scaling from buffer core stat and grants bonus effect on critical timing.,3
SK0080,023,Rosalie,buffer,Electro,4,Thunder Overture Protocol,"Rosalie channels Electro power through thunder overture protocol, applying shock pressure with teamwide buff extension + burst assist.",Whole party,teamwide buff extension + burst assist,18,3,U1: +12% base potency and +5% status chance; U2: adds secondary shock interaction and -1 cooldown every 2 uses; U3: +20% scaling from buffer core stat and grants bonus effect on critical timing.,4
SK0081,024,Libra,ranger,Dendro,1,Vine Precision Shot,"Libra channels Dendro power through vine precision shot, applying entangle pressure with damage + mark.",Single enemy in backline preferred,damage + mark,1,3,U1: +12% base potency and +5% status chance; U2: adds secondary entangle interaction and -1 cooldown every 2 uses; U3: +20% scaling from ranger core stat and grants bonus effect on critical timing.,1
SK0082,024,Libra,ranger,Dendro,2,Bloom Skirmish Step,"Libra channels Dendro power through bloom skirmish step, applying entangle pressure with speed up + evasion up.",Self and nearest ally,speed up + evasion up,6,3,U1: +12% base potency and +5% status chance; U2: adds secondary entangle interaction and -1 cooldown every 2 uses; U3: +20% scaling from ranger core stat and grants bonus effect on critical timing.,2
SK0083,024,Libra,ranger,Dendro,3,Thorn Suppressing Volley,"Libra channels Dendro power through thorn suppressing volley, applying entangle pressure with multi-hit + anti-heal.",Row target,multi-hit + anti-heal,12,3,U1: +12% base potency and +5% status chance; U2: adds secondary entangle interaction and -1 cooldown every 2 uses; U3: +20% scaling from ranger core stat and grants bonus effect on critical timing.,3
SK0084,024,Libra,ranger,Dendro,4,Canopy Finisher Lane,"Libra channels Dendro power through canopy finisher lane, applying entangle pressure with execute scaling damage.",Lowest HP enemy,execute scaling damage,18,3,U1: +12% base potency and +5% status chance; U2: adds secondary entangle interaction and -1 cooldown every 2 uses; U3: +20% scaling from ranger core stat and grants bonus effect on critical timing.,4
SK0085,025,Ivy,ranger,Dendro,1,Vine Precision Shot,"Ivy channels Dendro power through vine precision shot, applying entangle pressure with damage + mark.",Single enemy in backline preferred,damage + mark,1,3,U1: +12% base potency and +5% status chance; U2: adds secondary entangle interaction and -1 cooldown every 2 uses; U3: +20% scaling from ranger core stat and grants bonus effect on critical timing.,1
SK0086,025,Ivy,ranger,Dendro,2,Bloom Skirmish Step,"Ivy channels Dendro power through bloom skirmish step, applying entangle pressure with speed up + evasion up.",Self and nearest ally,speed up + evasion up,6,3,U1: +12% base potency and +5% status chance; U2: adds secondary entangle interaction and -1 cooldown every 2 uses; U3: +20% scaling from ranger core stat and grants bonus effect on critical timing.,2
SK0087,025,Ivy,ranger,Dendro,3,Thorn Suppressing Volley,"Ivy channels Dendro power through thorn suppressing volley, applying entangle pressure with multi-hit + anti-heal.",Row target,multi-hit + anti-heal,12,3,U1: +12% base potency and +5% status chance; U2: adds secondary entangle interaction and -1 cooldown every 2 uses; U3: +20% scaling from ranger core stat and grants bonus effect on critical timing.,3
SK0088,025,Ivy,ranger,Dendro,4,Canopy Finisher Lane,"Ivy channels Dendro power through canopy finisher lane, applying entangle pressure with execute scaling damage.",Lowest HP enemy,execute scaling damage,18,3,U1: +12% base potency and +5% status chance; U2: adds secondary entangle interaction and -1 cooldown every 2 uses; U3: +20% scaling from ranger core stat and grants bonus effect on critical timing.,4
SK0089,026,Merlyn,magician,Dendro,1,Vine Sigil Bolt,"Merlyn channels Dendro power through vine sigil bolt, applying entangle pressure with magic damage + status seed.",Single enemy,magic damage + status seed,1,3,U1: +12% base potency and +5% status chance; U2: adds secondary entangle interaction and -1 cooldown every 2 uses; U3: +20% scaling from magician core stat and grants bonus effect on critical timing.,1
SK0090,026,Merlyn,magician,Dendro,2,Bloom Catalyst Weave,"Merlyn channels Dendro power through bloom catalyst weave, applying entangle pressure with magic amplification stack.",Self,magic amplification stack,6,3,U1: +12% base potency and +5% status chance; U2: adds secondary entangle interaction and -1 cooldown every 2 uses; U3: +20% scaling from magician core stat and grants bonus effect on critical timing.,2
SK0091,026,Merlyn,magician,Dendro,3,Thorn Field Distortion,"Merlyn channels Dendro power through thorn field distortion, applying entangle pressure with aoe damage + debuff spread.",All enemies,aoe damage + debuff spread,12,3,U1: +12% base potency and +5% status chance; U2: adds secondary entangle interaction and -1 cooldown every 2 uses; U3: +20% scaling from magician core stat and grants bonus effect on critical timing.,3
SK0092,026,Merlyn,magician,Dendro,4,Canopy Grand Invocation,"Merlyn channels Dendro power through canopy grand invocation, applying entangle pressure with burst damage + control chance.",Primary enemy and adjacent,burst damage + control chance,18,3,U1: +12% base potency and +5% status chance; U2: adds secondary entangle interaction and -1 cooldown every 2 uses; U3: +20% scaling from magician core stat and grants bonus effect on critical timing.,4
SK0093,027,Cordie,ranger,Dendro,1,Vine Precision Shot,"Cordie channels Dendro power through vine precision shot, applying entangle pressure with damage + mark.",Single enemy in backline preferred,damage + mark,1,3,U1: +12% base potency and +5% status chance; U2: adds secondary entangle interaction and -1 cooldown every 2 uses; U3: +20% scaling from ranger core stat and grants bonus effect on critical timing.,1
SK0094,027,Cordie,ranger,Dendro,2,Bloom Skirmish Step,"Cordie channels Dendro power through bloom skirmish step, applying entangle pressure with speed up + evasion up.",Self and nearest ally,speed up + evasion up,6,3,U1: +12% base potency and +5% status chance; U2: adds secondary entangle interaction and -1 cooldown every 2 uses; U3: +20% scaling from ranger core stat and grants bonus effect on critical timing.,2
SK0095,027,Cordie,ranger,Dendro,3,Thorn Suppressing Volley,"Cordie channels Dendro power through thorn suppressing volley, applying entangle pressure with multi-hit + anti-heal.",Row target,multi-hit + anti-heal,12,3,U1: +12% base potency and +5% status chance; U2: adds secondary entangle interaction and -1 cooldown every 2 uses; U3: +20% scaling from ranger core stat and grants bonus effect on critical timing.,3
SK0096,027,Cordie,ranger,Dendro,4,Canopy Finisher Lane,"Cordie channels Dendro power through canopy finisher lane, applying entangle pressure with execute scaling damage.",Lowest HP enemy,execute scaling damage,18,3,U1: +12% base potency and +5% status chance; U2: adds secondary entangle interaction and -1 cooldown every 2 uses; U3: +20% scaling from ranger core stat and grants bonus effect on critical timing.,4
SK0097,029,Mertillier,buffer,Dendro,1,Vine Tactical Verse,"Mertillier channels Dendro power through vine tactical verse, applying entangle pressure with attack up + speed up.",Single ally,attack up + speed up,1,3,U1: +12% base potency and +5% status chance; U2: adds secondary entangle interaction and -1 cooldown every 2 uses; U3: +20% scaling from buffer core stat and grants bonus effect on critical timing.,1
SK0098,029,Mertillier,buffer,Dendro,2,Bloom Tempo Call,"Mertillier channels Dendro power through bloom tempo call, applying entangle pressure with cooldown acceleration.",All allies,cooldown acceleration,6,3,U1: +12% base potency and +5% status chance; U2: adds secondary entangle interaction and -1 cooldown every 2 uses; U3: +20% scaling from buffer core stat and grants bonus effect on critical timing.,2
SK0099,029,Mertillier,buffer,Dendro,3,Thorn Disrupting Note,"Mertillier channels Dendro power through thorn disrupting note, applying entangle pressure with debuff accuracy down + slow.",All enemies,debuff accuracy down + slow,12,3,U1: +12% base potency and +5% status chance; U2: adds secondary entangle interaction and -1 cooldown every 2 uses; U3: +20% scaling from buffer core stat and grants bonus effect on critical timing.,3
SK0100,029,Mertillier,buffer,Dendro,4,Canopy Overture Protocol,"Mertillier channels Dendro power through canopy overture protocol, applying entangle pressure with teamwide buff extension + burst assist.",Whole party,teamwide buff extension + burst assist,18,3,U1: +12% base potency and +5% status chance; U2: adds secondary entangle interaction and -1 cooldown every 2 uses; U3: +20% scaling from buffer core stat and grants bonus effect on critical timing.,4
SK0101,030,Luke,tank,Anemo,1,Gale Bulwark Slam,"Luke channels Anemo power through gale bulwark slam, applying displace pressure with damage + taunt.",Frontline enemy,damage + taunt,1,3,U1: +12% base potency and +5% status chance; U2: adds secondary displace interaction and -1 cooldown every 2 uses; U3: +20% scaling from tank core stat and grants bonus effect on critical timing.,1
SK0102,030,Luke,tank,Anemo,2,Zephyr Anchor Stance,"Luke channels Anemo power through zephyr anchor stance, applying displace pressure with guard up + damage reduction.",Self,guard up + damage reduction,6,3,U1: +12% base potency and +5% status chance; U2: adds secondary displace interaction and -1 cooldown every 2 uses; U3: +20% scaling from tank core stat and grants bonus effect on critical timing.,2
SK0103,030,Luke,tank,Anemo,3,Tempest Aegis Pulse,"Luke channels Anemo power through tempest aegis pulse, applying displace pressure with shield + minor heal.",All allies,shield + minor heal,12,3,U1: +12% base potency and +5% status chance; U2: adds secondary displace interaction and -1 cooldown every 2 uses; U3: +20% scaling from tank core stat and grants bonus effect on critical timing.,3
SK0104,030,Luke,tank,Anemo,4,Draft Last Bastion,"Luke channels Anemo power through draft last bastion, applying displace pressure with large shield + counter window.",Self and nearby allies,large shield + counter window,18,3,U1: +12% base potency and +5% status chance; U2: adds secondary displace interaction and -1 cooldown every 2 uses; U3: +20% scaling from tank core stat and grants bonus effect on critical timing.,4
SK0105,031,Garmr,ranger,Geo,1,Stone Precision Shot,"Garmr channels Geo power through stone precision shot, applying fracture pressure with damage + mark.",Single enemy in backline preferred,damage + mark,1,3,U1: +12% base potency and +5% status chance; U2: adds secondary fracture interaction and -1 cooldown every 2 uses; U3: +20% scaling from ranger core stat and grants bonus effect on critical timing.,1
SK0106,031,Garmr,ranger,Geo,2,Quarry Skirmish Step,"Garmr channels Geo power through quarry skirmish step, applying fracture pressure with speed up + evasion up.",Self and nearest ally,speed up + evasion up,6,3,U1: +12% base potency and +5% status chance; U2: adds secondary fracture interaction and -1 cooldown every 2 uses; U3: +20% scaling from ranger core stat and grants bonus effect on critical timing.,2
SK0107,031,Garmr,ranger,Geo,3,Bastion Suppressing Volley,"Garmr channels Geo power through bastion suppressing volley, applying fracture pressure with multi-hit + anti-heal.",Row target,multi-hit + anti-heal,12,3,U1: +12% base potency and +5% status chance; U2: adds secondary fracture interaction and -1 cooldown every 2 uses; U3: +20% scaling from ranger core stat and grants bonus effect on critical timing.,3
SK0108,031,Garmr,ranger,Geo,4,Fault Finisher Lane,"Garmr channels Geo power through fault finisher lane, applying fracture pressure with execute scaling damage.",Lowest HP enemy,execute scaling damage,18,3,U1: +12% base potency and +5% status chance; U2: adds secondary fracture interaction and -1 cooldown every 2 uses; U3: +20% scaling from ranger core stat and grants bonus effect on critical timing.,4
SK0109,032,Skuld,magician,Geo,1,Stone Sigil Bolt,"Skuld channels Geo power through stone sigil bolt, applying fracture pressure with magic damage + status seed.",Single enemy,magic damage + status seed,1,3,U1: +12% base potency and +5% status chance; U2: adds secondary fracture interaction and -1 cooldown every 2 uses; U3: +20% scaling from magician core stat and grants bonus effect on critical timing.,1
SK0110,032,Skuld,magician,Geo,2,Quarry Catalyst Weave,"Skuld channels Geo power through quarry catalyst weave, applying fracture pressure with magic amplification stack.",Self,magic amplification stack,6,3,U1: +12% base potency and +5% status chance; U2: adds secondary fracture interaction and -1 cooldown every 2 uses; U3: +20% scaling from magician core stat and grants bonus effect on critical timing.,2
SK0111,032,Skuld,magician,Geo,3,Bastion Field Distortion,"Skuld channels Geo power through bastion field distortion, applying fracture pressure with aoe damage + debuff spread.",All enemies,aoe damage + debuff spread,12,3,U1: +12% base potency and +5% status chance; U2: adds secondary fracture interaction and -1 cooldown every 2 uses; U3: +20% scaling from magician core stat and grants bonus effect on critical timing.,3
SK0112,032,Skuld,magician,Geo,4,Fault Grand Invocation,"Skuld channels Geo power through fault grand invocation, applying fracture pressure with burst damage + control chance.",Primary enemy and adjacent,burst damage + control chance,18,3,U1: +12% base potency and +5% status chance; U2: adds secondary fracture interaction and -1 cooldown every 2 uses; U3: +20% scaling from magician core stat and grants bonus effect on critical timing.,4
SK0113,033,Cherna,buffer,Geo,1,Stone Tactical Verse,"Cherna channels Geo power through stone tactical verse, applying fracture pressure with attack up + speed up.",Single ally,attack up + speed up,1,3,U1: +12% base potency and +5% status chance; U2: adds secondary fracture interaction and -1 cooldown every 2 uses; U3: +20% scaling from buffer core stat and grants bonus effect on critical timing.,1
SK0114,033,Cherna,buffer,Geo,2,Quarry Tempo Call,"Cherna channels Geo power through quarry tempo call, applying fracture pressure with cooldown acceleration.",All allies,cooldown acceleration,6,3,U1: +12% base potency and +5% status chance; U2: adds secondary fracture interaction and -1 cooldown every 2 uses; U3: +20% scaling from buffer core stat and grants bonus effect on critical timing.,2
SK0115,033,Cherna,buffer,Geo,3,Bastion Disrupting Note,"Cherna channels Geo power through bastion disrupting note, applying fracture pressure with debuff accuracy down + slow.",All enemies,debuff accuracy down + slow,12,3,U1: +12% base potency and +5% status chance; U2: adds secondary fracture interaction and -1 cooldown every 2 uses; U3: +20% scaling from buffer core stat and grants bonus effect on critical timing.,3
SK0116,033,Cherna,buffer,Geo,4,Fault Overture Protocol,"Cherna channels Geo power through fault overture protocol, applying fracture pressure with teamwide buff extension + burst assist.",Whole party,teamwide buff extension + burst assist,18,3,U1: +12% base potency and +5% status chance; U2: adds secondary fracture interaction and -1 cooldown every 2 uses; U3: +20% scaling from buffer core stat and grants bonus effect on critical timing.,4
SK0117,034,Soteira,buffer,Geo,1,Stone Tactical Verse,"Soteira channels Geo power through stone tactical verse, applying fracture pressure with attack up + speed up.",Single ally,attack up + speed up,1,3,U1: +12% base potency and +5% status chance; U2: adds secondary fracture interaction and -1 cooldown every 2 uses; U3: +20% scaling from buffer core stat and grants bonus effect on critical timing.,1
SK0118,034,Soteira,buffer,Geo,2,Quarry Tempo Call,"Soteira channels Geo power through quarry tempo call, applying fracture pressure with cooldown acceleration.",All allies,cooldown acceleration,6,3,U1: +12% base potency and +5% status chance; U2: adds secondary fracture interaction and -1 cooldown every 2 uses; U3: +20% scaling from buffer core stat and grants bonus effect on critical timing.,2
SK0119,034,Soteira,buffer,Geo,3,Bastion Disrupting Note,"Soteira channels Geo power through bastion disrupting note, applying fracture pressure with debuff accuracy down + slow.",All enemies,debuff accuracy down + slow,12,3,U1: +12% base potency and +5% status chance; U2: adds secondary fracture interaction and -1 cooldown every 2 uses; U3: +20% scaling from buffer core stat and grants bonus effect on critical timing.,3
SK0120,034,Soteira,buffer,Geo,4,Fault Overture Protocol,"Soteira channels Geo power through fault overture protocol, applying fracture pressure with teamwide buff extension + burst assist.",Whole party,teamwide buff extension + burst assist,18,3,U1: +12% base potency and +5% status chance; U2: adds secondary fracture interaction and -1 cooldown every 2 uses; U3: +20% scaling from buffer core stat and grants bonus effect on critical timing.,4
SK0121,035,Mimi,warrior,Geo,1,Stone Guard Breaker,"Mimi channels Geo power through stone guard breaker, applying fracture pressure with damage + defense down.",Frontline enemy,damage + defense down,1,3,U1: +12% base potency and +5% status chance; U2: adds secondary fracture interaction and -1 cooldown every 2 uses; U3: +20% scaling from warrior core stat and grants bonus effect on critical timing.,1
SK0122,035,Mimi,warrior,Geo,2,Quarry Battle Rhythm,"Mimi channels Geo power through quarry battle rhythm, applying fracture pressure with attack up + cleanse one debuff.",Self,attack up + cleanse one debuff,6,3,U1: +12% base potency and +5% status chance; U2: adds secondary fracture interaction and -1 cooldown every 2 uses; U3: +20% scaling from warrior core stat and grants bonus effect on critical timing.,2
SK0123,035,Mimi,warrior,Geo,3,Bastion Formation Cleave,"Mimi channels Geo power through bastion formation cleave, applying fracture pressure with aoe damage + stagger chance.",Front row / cone,aoe damage + stagger chance,12,3,U1: +12% base potency and +5% status chance; U2: adds secondary fracture interaction and -1 cooldown every 2 uses; U3: +20% scaling from warrior core stat and grants bonus effect on critical timing.,3
SK0124,035,Mimi,warrior,Geo,4,Fault Commanding Strike,"Mimi channels Geo power through fault commanding strike, applying fracture pressure with heavy damage + team morale buff.",Marked enemy,heavy damage + team morale buff,18,3,U1: +12% base potency and +5% status chance; U2: adds secondary fracture interaction and -1 cooldown every 2 uses; U3: +20% scaling from warrior core stat and grants bonus effect on critical timing.,4
SK0125,036,Tropon,magician,Geo,1,Stone Sigil Bolt,"Tropon channels Geo power through stone sigil bolt, applying fracture pressure with magic damage + status seed.",Single enemy,magic damage + status seed,1,3,U1: +12% base potency and +5% status chance; U2: adds secondary fracture interaction and -1 cooldown every 2 uses; U3: +20% scaling from magician core stat and grants bonus effect on critical timing.,1
SK0126,036,Tropon,magician,Geo,2,Quarry Catalyst Weave,"Tropon channels Geo power through quarry catalyst weave, applying fracture pressure with magic amplification stack.",Self,magic amplification stack,6,3,U1: +12% base potency and +5% status chance; U2: adds secondary fracture interaction and -1 cooldown every 2 uses; U3: +20% scaling from magician core stat and grants bonus effect on critical timing.,2
SK0127,036,Tropon,magician,Geo,3,Bastion Field Distortion,"Tropon channels Geo power through bastion field distortion, applying fracture pressure with aoe damage + debuff spread.",All enemies,aoe damage + debuff spread,12,3,U1: +12% base potency and +5% status chance; U2: adds secondary fracture interaction and -1 cooldown every 2 uses; U3: +20% scaling from magician core stat and grants bonus effect on critical timing.,3
SK0128,036,Tropon,magician,Geo,4,Fault Grand Invocation,"Tropon channels Geo power through fault grand invocation, applying fracture pressure with burst damage + control chance.",Primary enemy and adjacent,burst damage + control chance,18,3,U1: +12% base potency and +5% status chance; U2: adds secondary fracture interaction and -1 cooldown every 2 uses; U3: +20% scaling from magician core stat and grants bonus effect on critical timing.,4
SK0129,037,Hathor,ranger,Geo,1,Stone Precision Shot,"Hathor channels Geo power through stone precision shot, applying fracture pressure with damage + mark.",Single enemy in backline preferred,damage + mark,1,3,U1: +12% base potency and +5% status chance; U2: adds secondary fracture interaction and -1 cooldown every 2 uses; U3: +20% scaling from ranger core stat and grants bonus effect on critical timing.,1
SK0130,037,Hathor,ranger,Geo,2,Quarry Skirmish Step,"Hathor channels Geo power through quarry skirmish step, applying fracture pressure with speed up + evasion up.",Self and nearest ally,speed up + evasion up,6,3,U1: +12% base potency and +5% status chance; U2: adds secondary fracture interaction and -1 cooldown every 2 uses; U3: +20% scaling from ranger core stat and grants bonus effect on critical timing.,2
SK0131,037,Hathor,ranger,Geo,3,Bastion Suppressing Volley,"Hathor channels Geo power through bastion suppressing volley, applying fracture pressure with multi-hit + anti-heal.",Row target,multi-hit + anti-heal,12,3,U1: +12% base potency and +5% status chance; U2: adds secondary fracture interaction and -1 cooldown every 2 uses; U3: +20% scaling from ranger core stat and grants bonus effect on critical timing.,3
SK0132,037,Hathor,ranger,Geo,4,Fault Finisher Lane,"Hathor channels Geo power through fault finisher lane, applying fracture pressure with execute scaling damage.",Lowest HP enemy,execute scaling damage,18,3,U1: +12% base potency and +5% status chance; U2: adds secondary fracture interaction and -1 cooldown every 2 uses; U3: +20% scaling from ranger core stat and grants bonus effect on critical timing.,4
SK0133,041,Natasha,warrior,Cryo,1,Frost Guard Breaker,"Natasha channels Cryo power through frost guard breaker, applying chill pressure with damage + defense down.",Frontline enemy,damage + defense down,1,3,U1: +12% base potency and +5% status chance; U2: adds secondary chill interaction and -1 cooldown every 2 uses; U3: +20% scaling from warrior core stat and grants bonus effect on critical timing.,1
SK0134,041,Natasha,warrior,Cryo,2,Glacier Battle Rhythm,"Natasha channels Cryo power through glacier battle rhythm, applying chill pressure with attack up + cleanse one debuff.",Self,attack up + cleanse one debuff,6,3,U1: +12% base potency and +5% status chance; U2: adds secondary chill interaction and -1 cooldown every 2 uses; U3: +20% scaling from warrior core stat and grants bonus effect on critical timing.,2
SK0135,041,Natasha,warrior,Cryo,3,Rime Formation Cleave,"Natasha channels Cryo power through rime formation cleave, applying chill pressure with aoe damage + stagger chance.",Front row / cone,aoe damage + stagger chance,12,3,U1: +12% base potency and +5% status chance; U2: adds secondary chill interaction and -1 cooldown every 2 uses; U3: +20% scaling from warrior core stat and grants bonus effect on critical timing.,3
SK0136,041,Natasha,warrior,Cryo,4,Snowglass Commanding Strike,"Natasha channels Cryo power through snowglass commanding strike, applying chill pressure with heavy damage + team morale buff.",Marked enemy,heavy damage + team morale buff,18,3,U1: +12% base potency and +5% status chance; U2: adds secondary chill interaction and -1 cooldown every 2 uses; U3: +20% scaling from warrior core stat and grants bonus effect on critical timing.,4
SK0137,042,Fortina,tank,Dendro,1,Vine Bulwark Slam,"Fortina channels Dendro power through vine bulwark slam, applying entangle pressure with damage + taunt.",Frontline enemy,damage + taunt,1,3,U1: +12% base potency and +5% status chance; U2: adds secondary entangle interaction and -1 cooldown every 2 uses; U3: +20% scaling from tank core stat and grants bonus effect on critical timing.,1
SK0138,042,Fortina,tank,Dendro,2,Bloom Anchor Stance,"Fortina channels Dendro power through bloom anchor stance, applying entangle pressure with guard up + damage reduction.",Self,guard up + damage reduction,6,3,U1: +12% base potency and +5% status chance; U2: adds secondary entangle interaction and -1 cooldown every 2 uses; U3: +20% scaling from tank core stat and grants bonus effect on critical timing.,2
SK0139,042,Fortina,tank,Dendro,3,Thorn Aegis Pulse,"Fortina channels Dendro power through thorn aegis pulse, applying entangle pressure with shield + minor heal.",All allies,shield + minor heal,12,3,U1: +12% base potency and +5% status chance; U2: adds secondary entangle interaction and -1 cooldown every 2 uses; U3: +20% scaling from tank core stat and grants bonus effect on critical timing.,3
SK0140,042,Fortina,tank,Dendro,4,Canopy Last Bastion,"Fortina channels Dendro power through canopy last bastion, applying entangle pressure with large shield + counter window.",Self and nearby allies,large shield + counter window,18,3,U1: +12% base potency and +5% status chance; U2: adds secondary entangle interaction and -1 cooldown every 2 uses; U3: +20% scaling from tank core stat and grants bonus effect on critical timing.,4
SK0141,043,Cerberus,warrior,Cryo,1,Frost Guard Breaker,"Cerberus channels Cryo power through frost guard breaker, applying chill pressure with damage + defense down.",Frontline enemy,damage + defense down,1,3,U1: +12% base potency and +5% status chance; U2: adds secondary chill interaction and -1 cooldown every 2 uses; U3: +20% scaling from warrior core stat and grants bonus effect on critical timing.,1
SK0142,043,Cerberus,warrior,Cryo,2,Glacier Battle Rhythm,"Cerberus channels Cryo power through glacier battle rhythm, applying chill pressure with attack up + cleanse one debuff.",Self,attack up + cleanse one debuff,6,3,U1: +12% base potency and +5% status chance; U2: adds secondary chill interaction and -1 cooldown every 2 uses; U3: +20% scaling from warrior core stat and grants bonus effect on critical timing.,2
SK0143,043,Cerberus,warrior,Cryo,3,Rime Formation Cleave,"Cerberus channels Cryo power through rime formation cleave, applying chill pressure with aoe damage + stagger chance.",Front row / cone,aoe damage + stagger chance,12,3,U1: +12% base potency and +5% status chance; U2: adds secondary chill interaction and -1 cooldown every 2 uses; U3: +20% scaling from warrior core stat and grants bonus effect on critical timing.,3
SK0144,043,Cerberus,warrior,Cryo,4,Snowglass Commanding Strike,"Cerberus channels Cryo power through snowglass commanding strike, applying chill pressure with heavy damage + team morale buff.",Marked enemy,heavy damage + team morale buff,18,3,U1: +12% base potency and +5% status chance; U2: adds secondary chill interaction and -1 cooldown every 2 uses; U3: +20% scaling from warrior core stat and grants bonus effect on critical timing.,4
SK0145,044,Rusalka,buffer,Cryo,1,Frost Tactical Verse,"Rusalka channels Cryo power through frost tactical verse, applying chill pressure with attack up + speed up.",Single ally,attack up + speed up,1,3,U1: +12% base potency and +5% status chance; U2: adds secondary chill interaction and -1 cooldown every 2 uses; U3: +20% scaling from buffer core stat and grants bonus effect on critical timing.,1
SK0146,044,Rusalka,buffer,Cryo,2,Glacier Tempo Call,"Rusalka channels Cryo power through glacier tempo call, applying chill pressure with cooldown acceleration.",All allies,cooldown acceleration,6,3,U1: +12% base potency and +5% status chance; U2: adds secondary chill interaction and -1 cooldown every 2 uses; U3: +20% scaling from buffer core stat and grants bonus effect on critical timing.,2
SK0147,044,Rusalka,buffer,Cryo,3,Rime Disrupting Note,"Rusalka channels Cryo power through rime disrupting note, applying chill pressure with debuff accuracy down + slow.",All enemies,debuff accuracy down + slow,12,3,U1: +12% base potency and +5% status chance; U2: adds secondary chill interaction and -1 cooldown every 2 uses; U3: +20% scaling from buffer core stat and grants bonus effect on critical timing.,3
SK0148,044,Rusalka,buffer,Cryo,4,Snowglass Overture Protocol,"Rusalka channels Cryo power through snowglass overture protocol, applying chill pressure with teamwide buff extension + burst assist.",Whole party,teamwide buff extension + burst assist,18,3,U1: +12% base potency and +5% status chance; U2: adds secondary chill interaction and -1 cooldown every 2 uses; U3: +20% scaling from buffer core stat and grants bonus effect on critical timing.,4
SK0149,045,Elfriede,tank,Cryo,1,Frost Bulwark Slam,"Elfriede channels Cryo power through frost bulwark slam, applying chill pressure with damage + taunt.",Frontline enemy,damage + taunt,1,3,U1: +12% base potency and +5% status chance; U2: adds secondary chill interaction and -1 cooldown every 2 uses; U3: +20% scaling from tank core stat and grants bonus effect on critical timing.,1
SK0150,045,Elfriede,tank,Cryo,2,Glacier Anchor Stance,"Elfriede channels Cryo power through glacier anchor stance, applying chill pressure with guard up + damage reduction.",Self,guard up + damage reduction,6,3,U1: +12% base potency and +5% status chance; U2: adds secondary chill interaction and -1 cooldown every 2 uses; U3: +20% scaling from tank core stat and grants bonus effect on critical timing.,2
SK0151,045,Elfriede,tank,Cryo,3,Rime Aegis Pulse,"Elfriede channels Cryo power through rime aegis pulse, applying chill pressure with shield + minor heal.",All allies,shield + minor heal,12,3,U1: +12% base potency and +5% status chance; U2: adds secondary chill interaction and -1 cooldown every 2 uses; U3: +20% scaling from tank core stat and grants bonus effect on critical timing.,3
SK0152,045,Elfriede,tank,Cryo,4,Snowglass Last Bastion,"Elfriede channels Cryo power through snowglass last bastion, applying chill pressure with large shield + counter window.",Self and nearby allies,large shield + counter window,18,3,U1: +12% base potency and +5% status chance; U2: adds secondary chill interaction and -1 cooldown every 2 uses; U3: +20% scaling from tank core stat and grants bonus effect on critical timing.,4
SK0153,046,Lunalynn,magician,Electro,1,Volt Sigil Bolt,"Lunalynn channels Electro power through volt sigil bolt, applying shock pressure with magic damage + status seed.",Single enemy,magic damage + status seed,1,3,U1: +12% base potency and +5% status chance; U2: adds secondary shock interaction and -1 cooldown every 2 uses; U3: +20% scaling from magician core stat and grants bonus effect on critical timing.,1
SK0154,046,Lunalynn,magician,Electro,2,Arc Catalyst Weave,"Lunalynn channels Electro power through arc catalyst weave, applying shock pressure with magic amplification stack.",Self,magic amplification stack,6,3,U1: +12% base potency and +5% status chance; U2: adds secondary shock interaction and -1 cooldown every 2 uses; U3: +20% scaling from magician core stat and grants bonus effect on critical timing.,2
SK0155,046,Lunalynn,magician,Electro,3,Static Field Distortion,"Lunalynn channels Electro power through static field distortion, applying shock pressure with aoe damage + debuff spread.",All enemies,aoe damage + debuff spread,12,3,U1: +12% base potency and +5% status chance; U2: adds secondary shock interaction and -1 cooldown every 2 uses; U3: +20% scaling from magician core stat and grants bonus effect on critical timing.,3
SK0156,046,Lunalynn,magician,Electro,4,Thunder Grand Invocation,"Lunalynn channels Electro power through thunder grand invocation, applying shock pressure with burst damage + control chance.",Primary enemy and adjacent,burst damage + control chance,18,3,U1: +12% base potency and +5% status chance; U2: adds secondary shock interaction and -1 cooldown every 2 uses; U3: +20% scaling from magician core stat and grants bonus effect on critical timing.,4
SK0157,047,Valeriede,warrior,Electro,1,Volt Guard Breaker,"Valeriede channels Electro power through volt guard breaker, applying shock pressure with damage + defense down.",Frontline enemy,damage + defense down,1,3,U1: +12% base potency and +5% status chance; U2: adds secondary shock interaction and -1 cooldown every 2 uses; U3: +20% scaling from warrior core stat and grants bonus effect on critical timing.,1
SK0158,047,Valeriede,warrior,Electro,2,Arc Battle Rhythm,"Valeriede channels Electro power through arc battle rhythm, applying shock pressure with attack up + cleanse one debuff.",Self,attack up + cleanse one debuff,6,3,U1: +12% base potency and +5% status chance; U2: adds secondary shock interaction and -1 cooldown every 2 uses; U3: +20% scaling from warrior core stat and grants bonus effect on critical timing.,2
SK0159,047,Valeriede,warrior,Electro,3,Static Formation Cleave,"Valeriede channels Electro power through static formation cleave, applying shock pressure with aoe damage + stagger chance.",Front row / cone,aoe damage + stagger chance,12,3,U1: +12% base potency and +5% status chance; U2: adds secondary shock interaction and -1 cooldown every 2 uses; U3: +20% scaling from warrior core stat and grants bonus effect on critical timing.,3
SK0160,047,Valeriede,warrior,Electro,4,Thunder Commanding Strike,"Valeriede channels Electro power through thunder commanding strike, applying shock pressure with heavy damage + team morale buff.",Marked enemy,heavy damage + team morale buff,18,3,U1: +12% base potency and +5% status chance; U2: adds secondary shock interaction and -1 cooldown every 2 uses; U3: +20% scaling from warrior core stat and grants bonus effect on critical timing.,4
SK0161,048,Ay Ay,magician,Electro,1,Volt Sigil Bolt,"Ay Ay channels Electro power through volt sigil bolt, applying shock pressure with magic damage + status seed.",Single enemy,magic damage + status seed,1,3,U1: +12% base potency and +5% status chance; U2: adds secondary shock interaction and -1 cooldown every 2 uses; U3: +20% scaling from magician core stat and grants bonus effect on critical timing.,1
SK0162,048,Ay Ay,magician,Electro,2,Arc Catalyst Weave,"Ay Ay channels Electro power through arc catalyst weave, applying shock pressure with magic amplification stack.",Self,magic amplification stack,6,3,U1: +12% base potency and +5% status chance; U2: adds secondary shock interaction and -1 cooldown every 2 uses; U3: +20% scaling from magician core stat and grants bonus effect on critical timing.,2
SK0163,048,Ay Ay,magician,Electro,3,Static Field Distortion,"Ay Ay channels Electro power through static field distortion, applying shock pressure with aoe damage + debuff spread.",All enemies,aoe damage + debuff spread,12,3,U1: +12% base potency and +5% status chance; U2: adds secondary shock interaction and -1 cooldown every 2 uses; U3: +20% scaling from magician core stat and grants bonus effect on critical timing.,3
SK0164,048,Ay Ay,magician,Electro,4,Thunder Grand Invocation,"Ay Ay channels Electro power through thunder grand invocation, applying shock pressure with burst damage + control chance.",Primary enemy and adjacent,burst damage + control chance,18,3,U1: +12% base potency and +5% status chance; U2: adds secondary shock interaction and -1 cooldown every 2 uses; U3: +20% scaling from magician core stat and grants bonus effect on critical timing.,4
SK0165,049,Ophelia,tank,Electro,1,Volt Bulwark Slam,"Ophelia channels Electro power through volt bulwark slam, applying shock pressure with damage + taunt.",Frontline enemy,damage + taunt,1,3,U1: +12% base potency and +5% status chance; U2: adds secondary shock interaction and -1 cooldown every 2 uses; U3: +20% scaling from tank core stat and grants bonus effect on critical timing.,1
SK0166,049,Ophelia,tank,Electro,2,Arc Anchor Stance,"Ophelia channels Electro power through arc anchor stance, applying shock pressure with guard up + damage reduction.",Self,guard up + damage reduction,6,3,U1: +12% base potency and +5% status chance; U2: adds secondary shock interaction and -1 cooldown every 2 uses; U3: +20% scaling from tank core stat and grants bonus effect on critical timing.,2
SK0167,049,Ophelia,tank,Electro,3,Static Aegis Pulse,"Ophelia channels Electro power through static aegis pulse, applying shock pressure with shield + minor heal.",All allies,shield + minor heal,12,3,U1: +12% base potency and +5% status chance; U2: adds secondary shock interaction and -1 cooldown every 2 uses; U3: +20% scaling from tank core stat and grants bonus effect on critical timing.,3
SK0168,049,Ophelia,tank,Electro,4,Thunder Last Bastion,"Ophelia channels Electro power through thunder last bastion, applying shock pressure with large shield + counter window.",Self and nearby allies,large shield + counter window,18,3,U1: +12% base potency and +5% status chance; U2: adds secondary shock interaction and -1 cooldown every 2 uses; U3: +20% scaling from tank core stat and grants bonus effect on critical timing.,4
SK0169,050,Armstrong,ranger,Electro,1,Volt Precision Shot,"Armstrong channels Electro power through volt precision shot, applying shock pressure with damage + mark.",Single enemy in backline preferred,damage + mark,1,3,U1: +12% base potency and +5% status chance; U2: adds secondary shock interaction and -1 cooldown every 2 uses; U3: +20% scaling from ranger core stat and grants bonus effect on critical timing.,1
SK0170,050,Armstrong,ranger,Electro,2,Arc Skirmish Step,"Armstrong channels Electro power through arc skirmish step, applying shock pressure with speed up + evasion up.",Self and nearest ally,speed up + evasion up,6,3,U1: +12% base potency and +5% status chance; U2: adds secondary shock interaction and -1 cooldown every 2 uses; U3: +20% scaling from ranger core stat and grants bonus effect on critical timing.,2
SK0171,050,Armstrong,ranger,Electro,3,Static Suppressing Volley,"Armstrong channels Electro power through static suppressing volley, applying shock pressure with multi-hit + anti-heal.",Row target,multi-hit + anti-heal,12,3,U1: +12% base potency and +5% status chance; U2: adds secondary shock interaction and -1 cooldown every 2 uses; U3: +20% scaling from ranger core stat and grants bonus effect on critical timing.,3
SK0172,050,Armstrong,ranger,Electro,4,Thunder Finisher Lane,"Armstrong channels Electro power through thunder finisher lane, applying shock pressure with execute scaling damage.",Lowest HP enemy,execute scaling damage,18,3,U1: +12% base potency and +5% status chance; U2: adds secondary shock interaction and -1 cooldown every 2 uses; U3: +20% scaling from ranger core stat and grants bonus effect on critical timing.,4
SK0173,052,Sivi,warrior,Hydro,1,Tide Guard Breaker,"Sivi channels Hydro power through tide guard breaker, applying soak pressure with damage + defense down.",Frontline enemy,damage + defense down,1,3,U1: +12% base potency and +5% status chance; U2: adds secondary soak interaction and -1 cooldown every 2 uses; U3: +20% scaling from warrior core stat and grants bonus effect on critical timing.,1
SK0174,052,Sivi,warrior,Hydro,2,Current Battle Rhythm,"Sivi channels Hydro power through current battle rhythm, applying soak pressure with attack up + cleanse one debuff.",Self,attack up + cleanse one debuff,6,3,U1: +12% base potency and +5% status chance; U2: adds secondary soak interaction and -1 cooldown every 2 uses; U3: +20% scaling from warrior core stat and grants bonus effect on critical timing.,2
SK0175,052,Sivi,warrior,Hydro,3,Mist Formation Cleave,"Sivi channels Hydro power through mist formation cleave, applying soak pressure with aoe damage + stagger chance.",Front row / cone,aoe damage + stagger chance,12,3,U1: +12% base potency and +5% status chance; U2: adds secondary soak interaction and -1 cooldown every 2 uses; U3: +20% scaling from warrior core stat and grants bonus effect on critical timing.,3
SK0176,052,Sivi,warrior,Hydro,4,Surge Commanding Strike,"Sivi channels Hydro power through surge commanding strike, applying soak pressure with heavy damage + team morale buff.",Marked enemy,heavy damage + team morale buff,18,3,U1: +12% base potency and +5% status chance; U2: adds secondary soak interaction and -1 cooldown every 2 uses; U3: +20% scaling from warrior core stat and grants bonus effect on critical timing.,4
SK0177,054,Chiffon,buffer,Pyro,1,Ember Tactical Verse,"Chiffon channels Pyro power through ember tactical verse, applying burn pressure with attack up + speed up.",Single ally,attack up + speed up,1,3,U1: +12% base potency and +5% status chance; U2: adds secondary burn interaction and -1 cooldown every 2 uses; U3: +20% scaling from buffer core stat and grants bonus effect on critical timing.,1
SK0178,054,Chiffon,buffer,Pyro,2,Cinder Tempo Call,"Chiffon channels Pyro power through cinder tempo call, applying burn pressure with cooldown acceleration.",All allies,cooldown acceleration,6,3,U1: +12% base potency and +5% status chance; U2: adds secondary burn interaction and -1 cooldown every 2 uses; U3: +20% scaling from buffer core stat and grants bonus effect on critical timing.,2
SK0179,054,Chiffon,buffer,Pyro,3,Flare Disrupting Note,"Chiffon channels Pyro power through flare disrupting note, applying burn pressure with debuff accuracy down + slow.",All enemies,debuff accuracy down + slow,12,3,U1: +12% base potency and +5% status chance; U2: adds secondary burn interaction and -1 cooldown every 2 uses; U3: +20% scaling from buffer core stat and grants bonus effect on critical timing.,3
SK0180,054,Chiffon,buffer,Pyro,4,Inferno Overture Protocol,"Chiffon channels Pyro power through inferno overture protocol, applying burn pressure with teamwide buff extension + burst assist.",Whole party,teamwide buff extension + burst assist,18,3,U1: +12% base potency and +5% status chance; U2: adds secondary burn interaction and -1 cooldown every 2 uses; U3: +20% scaling from buffer core stat and grants bonus effect on critical timing.,4
SK0181,059,Eir,ranger,Anemo,1,Gale Precision Shot,"Eir channels Anemo power through gale precision shot, applying displace pressure with damage + mark.",Single enemy in backline preferred,damage + mark,1,3,U1: +12% base potency and +5% status chance; U2: adds secondary displace interaction and -1 cooldown every 2 uses; U3: +20% scaling from ranger core stat and grants bonus effect on critical timing.,1
SK0182,059,Eir,ranger,Anemo,2,Zephyr Skirmish Step,"Eir channels Anemo power through zephyr skirmish step, applying displace pressure with speed up + evasion up.",Self and nearest ally,speed up + evasion up,6,3,U1: +12% base potency and +5% status chance; U2: adds secondary displace interaction and -1 cooldown every 2 uses; U3: +20% scaling from ranger core stat and grants bonus effect on critical timing.,2
SK0183,059,Eir,ranger,Anemo,3,Tempest Suppressing Volley,"Eir channels Anemo power through tempest suppressing volley, applying displace pressure with multi-hit + anti-heal.",Row target,multi-hit + anti-heal,12,3,U1: +12% base potency and +5% status chance; U2: adds secondary displace interaction and -1 cooldown every 2 uses; U3: +20% scaling from ranger core stat and grants bonus effect on critical timing.,3
SK0184,059,Eir,ranger,Anemo,4,Draft Finisher Lane,"Eir channels Anemo power through draft finisher lane, applying displace pressure with execute scaling damage.",Lowest HP enemy,execute scaling damage,18,3,U1: +12% base potency and +5% status chance; U2: adds secondary displace interaction and -1 cooldown every 2 uses; U3: +20% scaling from ranger core stat and grants bonus effect on critical timing.,4
SK0185,063,Paladea,ranger,Electro,1,Volt Precision Shot,"Paladea channels Electro power through volt precision shot, applying shock pressure with damage + mark.",Single enemy in backline preferred,damage + mark,1,3,U1: +12% base potency and +5% status chance; U2: adds secondary shock interaction and -1 cooldown every 2 uses; U3: +20% scaling from ranger core stat and grants bonus effect on critical timing.,1
SK0186,063,Paladea,ranger,Electro,2,Arc Skirmish Step,"Paladea channels Electro power through arc skirmish step, applying shock pressure with speed up + evasion up.",Self and nearest ally,speed up + evasion up,6,3,U1: +12% base potency and +5% status chance; U2: adds secondary shock interaction and -1 cooldown every 2 uses; U3: +20% scaling from ranger core stat and grants bonus effect on critical timing.,2
SK0187,063,Paladea,ranger,Electro,3,Static Suppressing Volley,"Paladea channels Electro power through static suppressing volley, applying shock pressure with multi-hit + anti-heal.",Row target,multi-hit + anti-heal,12,3,U1: +12% base potency and +5% status chance; U2: adds secondary shock interaction and -1 cooldown every 2 uses; U3: +20% scaling from ranger core stat and grants bonus effect on critical timing.,3
SK0188,063,Paladea,ranger,Electro,4,Thunder Finisher Lane,"Paladea channels Electro power through thunder finisher lane, applying shock pressure with execute scaling damage.",Lowest HP enemy,execute scaling damage,18,3,U1: +12% base potency and +5% status chance; U2: adds secondary shock interaction and -1 cooldown every 2 uses; U3: +20% scaling from ranger core stat and grants bonus effect on critical timing.,4
SK0189,065,Aine,ranger,Cryo,1,Frost Precision Shot,"Aine channels Cryo power through frost precision shot, applying chill pressure with damage + mark.",Single enemy in backline preferred,damage + mark,1,3,U1: +12% base potency and +5% status chance; U2: adds secondary chill interaction and -1 cooldown every 2 uses; U3: +20% scaling from ranger core stat and grants bonus effect on critical timing.,1
SK0190,065,Aine,ranger,Cryo,2,Glacier Skirmish Step,"Aine channels Cryo power through glacier skirmish step, applying chill pressure with speed up + evasion up.",Self and nearest ally,speed up + evasion up,6,3,U1: +12% base potency and +5% status chance; U2: adds secondary chill interaction and -1 cooldown every 2 uses; U3: +20% scaling from ranger core stat and grants bonus effect on critical timing.,2
SK0191,065,Aine,ranger,Cryo,3,Rime Suppressing Volley,"Aine channels Cryo power through rime suppressing volley, applying chill pressure with multi-hit + anti-heal.",Row target,multi-hit + anti-heal,12,3,U1: +12% base potency and +5% status chance; U2: adds secondary chill interaction and -1 cooldown every 2 uses; U3: +20% scaling from ranger core stat and grants bonus effect on critical timing.,3
SK0192,065,Aine,ranger,Cryo,4,Snowglass Finisher Lane,"Aine channels Cryo power through snowglass finisher lane, applying chill pressure with execute scaling damage.",Lowest HP enemy,execute scaling damage,18,3,U1: +12% base potency and +5% status chance; U2: adds secondary chill interaction and -1 cooldown every 2 uses; U3: +20% scaling from ranger core stat and grants bonus effect on critical timing.,4
SK0193,069,Kaguya,magician,Electro,1,Volt Sigil Bolt,"Kaguya channels Electro power through volt sigil bolt, applying shock pressure with magic damage + status seed.",Single enemy,magic damage + status seed,1,3,U1: +12% base potency and +5% status chance; U2: adds secondary shock interaction and -1 cooldown every 2 uses; U3: +20% scaling from magician core stat and grants bonus effect on critical timing.,1
SK0194,069,Kaguya,magician,Electro,2,Arc Catalyst Weave,"Kaguya channels Electro power through arc catalyst weave, applying shock pressure with magic amplification stack.",Self,magic amplification stack,6,3,U1: +12% base potency and +5% status chance; U2: adds secondary shock interaction and -1 cooldown every 2 uses; U3: +20% scaling from magician core stat and grants bonus effect on critical timing.,2
SK0195,069,Kaguya,magician,Electro,3,Static Field Distortion,"Kaguya channels Electro power through static field distortion, applying shock pressure with aoe damage + debuff spread.",All enemies,aoe damage + debuff spread,12,3,U1: +12% base potency and +5% status chance; U2: adds secondary shock interaction and -1 cooldown every 2 uses; U3: +20% scaling from magician core stat and grants bonus effect on critical timing.,3
SK0196,069,Kaguya,magician,Electro,4,Thunder Grand Invocation,"Kaguya channels Electro power through thunder grand invocation, applying shock pressure with burst damage + control chance.",Primary enemy and adjacent,burst damage + control chance,18,3,U1: +12% base potency and +5% status chance; U2: adds secondary shock interaction and -1 cooldown every 2 uses; U3: +20% scaling from magician core stat and grants bonus effect on critical timing.,4
SK0197,086,Meria,tank,Geo,1,Stone Bulwark Slam,"Meria channels Geo power through stone bulwark slam, applying fracture pressure with damage + taunt.",Frontline enemy,damage + taunt,1,3,U1: +12% base potency and +5% status chance; U2: adds secondary fracture interaction and -1 cooldown every 2 uses; U3: +20% scaling from tank core stat and grants bonus effect on critical timing.,1
SK0198,086,Meria,tank,Geo,2,Quarry Anchor Stance,"Meria channels Geo power through quarry anchor stance, applying fracture pressure with guard up + damage reduction.",Self,guard up + damage reduction,6,3,U1: +12% base potency and +5% status chance; U2: adds secondary fracture interaction and -1 cooldown every 2 uses; U3: +20% scaling from tank core stat and grants bonus effect on critical timing.,2
SK0199,086,Meria,tank,Geo,3,Bastion Aegis Pulse,"Meria channels Geo power through bastion aegis pulse, applying fracture pressure with shield + minor heal.",All allies,shield + minor heal,12,3,U1: +12% base potency and +5% status chance; U2: adds secondary fracture interaction and -1 cooldown every 2 uses; U3: +20% scaling from tank core stat and grants bonus effect on critical timing.,3
SK0200,086,Meria,tank,Geo,4,Fault Last Bastion,"Meria channels Geo power through fault last bastion, applying fracture pressure with large shield + counter window.",Self and nearby allies,large shield + counter window,18,3,U1: +12% base potency and +5% status chance; U2: adds secondary fracture interaction and -1 cooldown every 2 uses; U3: +20% scaling from tank core stat and grants bonus effect on critical timing.,4
SK0201,109,Eirene,ranger,Cryo,1,Frost Precision Shot,"Eirene channels Cryo power through frost precision shot, applying chill pressure with damage + mark.",Single enemy in backline preferred,damage + mark,1,3,U1: +12% base potency and +5% status chance; U2: adds secondary chill interaction and -1 cooldown every 2 uses; U3: +20% scaling from ranger core stat and grants bonus effect on critical timing.,1
SK0202,109,Eirene,ranger,Cryo,2,Glacier Skirmish Step,"Eirene channels Cryo power through glacier skirmish step, applying chill pressure with speed up + evasion up.",Self and nearest ally,speed up + evasion up,6,3,U1: +12% base potency and +5% status chance; U2: adds secondary chill interaction and -1 cooldown every 2 uses; U3: +20% scaling from ranger core stat and grants bonus effect on critical timing.,2
SK0203,109,Eirene,ranger,Cryo,3,Rime Suppressing Volley,"Eirene channels Cryo power through rime suppressing volley, applying chill pressure with multi-hit + anti-heal.",Row target,multi-hit + anti-heal,12,3,U1: +12% base potency and +5% status chance; U2: adds secondary chill interaction and -1 cooldown every 2 uses; U3: +20% scaling from ranger core stat and grants bonus effect on critical timing.,3
SK0204,109,Eirene,ranger,Cryo,4,Snowglass Finisher Lane,"Eirene channels Cryo power through snowglass finisher lane, applying chill pressure with execute scaling damage.",Lowest HP enemy,execute scaling damage,18,3,U1: +12% base potency and +5% status chance; U2: adds secondary chill interaction and -1 cooldown every 2 uses; U3: +20% scaling from ranger core stat and grants bonus effect on critical timing.,4
SK0205,111,Tillie,buffer,Hydro,1,Tide Tactical Verse,"Tillie channels Hydro power through tide tactical verse, applying soak pressure with attack up + speed up.",Single ally,attack up + speed up,1,3,U1: +12% base potency and +5% status chance; U2: adds secondary soak interaction and -1 cooldown every 2 uses; U3: +20% scaling from buffer core stat and grants bonus effect on critical timing.,1
SK0206,111,Tillie,buffer,Hydro,2,Current Tempo Call,"Tillie channels Hydro power through current tempo call, applying soak pressure with cooldown acceleration.",All allies,cooldown acceleration,6,3,U1: +12% base potency and +5% status chance; U2: adds secondary soak interaction and -1 cooldown every 2 uses; U3: +20% scaling from buffer core stat and grants bonus effect on critical timing.,2
SK0207,111,Tillie,buffer,Hydro,3,Mist Disrupting Note,"Tillie channels Hydro power through mist disrupting note, applying soak pressure with debuff accuracy down + slow.",All enemies,debuff accuracy down + slow,12,3,U1: +12% base potency and +5% status chance; U2: adds secondary soak interaction and -1 cooldown every 2 uses; U3: +20% scaling from buffer core stat and grants bonus effect on critical timing.,3
SK0208,111,Tillie,buffer,Hydro,4,Surge Overture Protocol,"Tillie channels Hydro power through surge overture protocol, applying soak pressure with teamwide buff extension + burst assist.",Whole party,teamwide buff extension + burst assist,18,3,U1: +12% base potency and +5% status chance; U2: adds secondary soak interaction and -1 cooldown every 2 uses; U3: +20% scaling from buffer core stat and grants bonus effect on critical timing.,4
SK0209,114,Pola,ranger,Hydro,1,Tide Precision Shot,"Pola channels Hydro power through tide precision shot, applying soak pressure with damage + mark.",Single enemy in backline preferred,damage + mark,1,3,U1: +12% base potency and +5% status chance; U2: adds secondary soak interaction and -1 cooldown every 2 uses; U3: +20% scaling from ranger core stat and grants bonus effect on critical timing.,1
SK0210,114,Pola,ranger,Hydro,2,Current Skirmish Step,"Pola channels Hydro power through current skirmish step, applying soak pressure with speed up + evasion up.",Self and nearest ally,speed up + evasion up,6,3,U1: +12% base potency and +5% status chance; U2: adds secondary soak interaction and -1 cooldown every 2 uses; U3: +20% scaling from ranger core stat and grants bonus effect on critical timing.,2
SK0211,114,Pola,ranger,Hydro,3,Mist Suppressing Volley,"Pola channels Hydro power through mist suppressing volley, applying soak pressure with multi-hit + anti-heal.",Row target,multi-hit + anti-heal,12,3,U1: +12% base potency and +5% status chance; U2: adds secondary soak interaction and -1 cooldown every 2 uses; U3: +20% scaling from ranger core stat and grants bonus effect on critical timing.,3
SK0212,114,Pola,ranger,Hydro,4,Surge Finisher Lane,"Pola channels Hydro power through surge finisher lane, applying soak pressure with execute scaling damage.",Lowest HP enemy,execute scaling damage,18,3,U1: +12% base potency and +5% status chance; U2: adds secondary soak interaction and -1 cooldown every 2 uses; U3: +20% scaling from ranger core stat and grants bonus effect on critical timing.,4
SK0213,121,Lumica,warrior,Cryo,1,Frost Guard Breaker,"Lumica channels Cryo power through frost guard breaker, applying chill pressure with damage + defense down.",Frontline enemy,damage + defense down,1,3,U1: +12% base potency and +5% status chance; U2: adds secondary chill interaction and -1 cooldown every 2 uses; U3: +20% scaling from warrior core stat and grants bonus effect on critical timing.,1
SK0214,121,Lumica,warrior,Cryo,2,Glacier Battle Rhythm,"Lumica channels Cryo power through glacier battle rhythm, applying chill pressure with attack up + cleanse one debuff.",Self,attack up + cleanse one debuff,6,3,U1: +12% base potency and +5% status chance; U2: adds secondary chill interaction and -1 cooldown every 2 uses; U3: +20% scaling from warrior core stat and grants bonus effect on critical timing.,2
SK0215,121,Lumica,warrior,Cryo,3,Rime Formation Cleave,"Lumica channels Cryo power through rime formation cleave, applying chill pressure with aoe damage + stagger chance.",Front row / cone,aoe damage + stagger chance,12,3,U1: +12% base potency and +5% status chance; U2: adds secondary chill interaction and -1 cooldown every 2 uses; U3: +20% scaling from warrior core stat and grants bonus effect on critical timing.,3
SK0216,121,Lumica,warrior,Cryo,4,Snowglass Commanding Strike,"Lumica channels Cryo power through snowglass commanding strike, applying chill pressure with heavy damage + team morale buff.",Marked enemy,heavy damage + team morale buff,18,3,U1: +12% base potency and +5% status chance; U2: adds secondary chill interaction and -1 cooldown every 2 uses; U3: +20% scaling from warrior core stat and grants bonus effect on critical timing.,4
SK0217,124,Yildiz,warrior,Anemo,1,Gale Guard Breaker,"Yildiz channels Anemo power through gale guard breaker, applying displace pressure with damage + defense down.",Frontline enemy,damage + defense down,1,3,U1: +12% base potency and +5% status chance; U2: adds secondary displace interaction and -1 cooldown every 2 uses; U3: +20% scaling from warrior core stat and grants bonus effect on critical timing.,1
SK0218,124,Yildiz,warrior,Anemo,2,Zephyr Battle Rhythm,"Yildiz channels Anemo power through zephyr battle rhythm, applying displace pressure with attack up + cleanse one debuff.",Self,attack up + cleanse one debuff,6,3,U1: +12% base potency and +5% status chance; U2: adds secondary displace interaction and -1 cooldown every 2 uses; U3: +20% scaling from warrior core stat and grants bonus effect on critical timing.,2
SK0219,124,Yildiz,warrior,Anemo,3,Tempest Formation Cleave,"Yildiz channels Anemo power through tempest formation cleave, applying displace pressure with aoe damage + stagger chance.",Front row / cone,aoe damage + stagger chance,12,3,U1: +12% base potency and +5% status chance; U2: adds secondary displace interaction and -1 cooldown every 2 uses; U3: +20% scaling from warrior core stat and grants bonus effect on critical timing.,3
SK0220,124,Yildiz,warrior,Anemo,4,Draft Commanding Strike,"Yildiz channels Anemo power through draft commanding strike, applying displace pressure with heavy damage + team morale buff.",Marked enemy,heavy damage + team morale buff,18,3,U1: +12% base potency and +5% status chance; U2: adds secondary displace interaction and -1 cooldown every 2 uses; U3: +20% scaling from warrior core stat and grants bonus effect on critical timing.,4
SK0221,139,Trixie,magician,Cryo,1,Frost Sigil Bolt,"Trixie channels Cryo power through frost sigil bolt, applying chill pressure with magic damage + status seed.",Single enemy,magic damage + status seed,1,3,U1: +12% base potency and +5% status chance; U2: adds secondary chill interaction and -1 cooldown every 2 uses; U3: +20% scaling from magician core stat and grants bonus effect on critical timing.,1
SK0222,139,Trixie,magician,Cryo,2,Glacier Catalyst Weave,"Trixie channels Cryo power through glacier catalyst weave, applying chill pressure with magic amplification stack.",Self,magic amplification stack,6,3,U1: +12% base potency and +5% status chance; U2: adds secondary chill interaction and -1 cooldown every 2 uses; U3: +20% scaling from magician core stat and grants bonus effect on critical timing.,2
SK0223,139,Trixie,magician,Cryo,3,Rime Field Distortion,"Trixie channels Cryo power through rime field distortion, applying chill pressure with aoe damage + debuff spread.",All enemies,aoe damage + debuff spread,12,3,U1: +12% base potency and +5% status chance; U2: adds secondary chill interaction and -1 cooldown every 2 uses; U3: +20% scaling from magician core stat and grants bonus effect on critical timing.,3
SK0224,139,Trixie,magician,Cryo,4,Snowglass Grand Invocation,"Trixie channels Cryo power through snowglass grand invocation, applying chill pressure with burst damage + control chance.",Primary enemy and adjacent,burst damage + control chance,18,3,U1: +12% base potency and +5% status chance; U2: adds secondary chill interaction and -1 cooldown every 2 uses; U3: +20% scaling from magician core stat and grants bonus effect on critical timing.,4
