name,number,description,category,year,year_kind,pins,place_label,year_label
Codenames,1,Two teams give one-word clues to identify agents while avoiding the assassin.,boardgame,,,,,
Dixit,2,Players tell imaginative clues for surreal art cards and score through clever guesses.,boardgame,,,,,
Love Letter,3,Quick deduction card game about delivering letters and eliminating rivals.,boardgame,,,,,
Dominion,4,Classic deck-building game where players buy cards to build stronger turns.,boardgame,,,,,
Betrayal at House on the Hill,5,Cooperative exploration turns into one-vs-many horror with unique scenario twists.,boardgame,,,,,
Sheriff of Nottingham,6,Bluff and negotiate goods through inspections while outsmarting the sheriff.,boardgame,,,,,
Decrypto,7,Teams send coded clues to teammates while intercepting opponent code patterns.,boardgame,,,,,
Skull,8,Simple bluffing game of hidden skulls and flowers with escalating bids.,boardgame,,,,,
Exploding,9,Light take-that card game about avoiding explosive kittens with action cards.,boardgame,,,,,
Saboteur,10,Dwarves dig tunnels for gold while hidden saboteurs secretly block progress.,boardgame,,,,,
Wavelength,11,Teams guess where clues land on a spectrum for cooperative party scoring.,boardgame,,,,,
Mysterium,12,Ghost gives visual clues to mediums solving suspects locations and murder details.,boardgame,,,,,
Terraforming Mars,13,Engine-building strategy game where corporations develop Mars for human habitation.,boardgame,,,,,
Werewolf,14,Social deduction game with hidden roles and daytime voting accusations.,boardgame,,,,,
The Resistance,15,Players complete missions while spies sabotage and deceive the team.,boardgame,,,,,
Avalon,16,Arthurian Resistance variant with hidden roles and special powers for deduction.,boardgame,,,,,
Secret Hitler,17,Hidden roles and political voting game set in tense historical theme.,boardgame,,,,,
Coup,18,Fast bluffing card game of influence powers and challenge actions.,boardgame,,,,,
Settlers of Catan,19,Trade resources and build roads settlements to earn victory points.,boardgame,,,,,
Ticket to Ride,20,Collect train cards to claim routes and complete destination tickets.,boardgame,,,,,
carcasonne,21,Tile-laying game building cities roads and fields for area scoring.,boardgame,,,,,
Pandemic,22,Cooperative strategy to contain global outbreaks and discover disease cures.,boardgame,,,,,
Venus Flytrap,23,A carnivorous plant with trap-like leaves that snap shut when insects touch trigger hairs. Used for pest control botanical study and ornamental display.,plant,,,34.22|-78.02|350,Coastal Carolinas USA,
Corpse Flower,24,Giant tropical flower that produces one of the largest blooms in the world and smells like rotting flesh. Used for botanical research greenhouse attractions and education about pollination.,plant,,,-2.5|117.5|800,Sumatra Indonesia,
Dragons Blood Tree,25,An umbrella-shaped tree that produces a deep red resin called dragons blood. Used in traditional medicine as dye varnish and incense.,plant,,,12.5|54.0|250,Socotra Yemen,
Ghost Orchid,26,Rare orchid with floating white flowers that appear ghost-like in forests. Used for ornamental horticulture and conservation research.,plant,,,25.76|-80.19|400;18.22|-66.59|400,Florida USA and Caribbean,
Pitcher Plant,27,Carnivorous plant with tube-shaped leaves that trap insects in digestive liquid. Used for natural insect control and educational displays.,plant,,,1.35|103.82|600;3.14|101.69|500,Southeast Asia,
Mimosa pudica,28,Leaves fold inward quickly when touched. Used for educational demonstrations and as ornamental plant.,plant,,,-15.8|-47.9|700;18.5|-72.3|600,Tropical Americas,
Baobab Tree,29,Massive tree with thick trunk that stores water and appears upside-down. Sacred in African traditional religions. Provides food from fruit pulp and offers traditional medicine fiber and shelter.,plant,,,-18.9|47.5|700;14.5|-17.0|600;-20.0|45.0|500,Sub-Saharan Africa,
Jade Plant,30,Succulent with thick leaves often associated with prosperity. Rooted in Taoist feng shui symbolism for luck and good fortune. Used for indoor decoration.,plant,,,-33.9|18.4|500,South Africa,
Aloe Vera,31,Succulent with gel-filled leaves. Used for skin care burns treatment and cosmetics.,plant,,,24.0|45.0|800,Arabian Peninsula,
Stinging Nettle,32,Plant covered with tiny stinging hairs. Used for herbal tea medicine and textile fiber.,plant,,,51.5|-0.1|800;52.5|13.4|700,Europe temperate zone,
Mandrake,33,Plant with forked root historically linked to myths and magic. Mentioned in the Bible as a symbol of fertility and associated with ancient witchcraft traditions. Used in historical herbal medicine and folklore studies.,plant,,,31.8|35.2|500;37.98|23.73|400,Mediterranean Levant,
Bamboo,34,Fast-growing grass that can reach great heights. Used for construction furniture paper and food from bamboo shoots.,plant,,,30.6|104.1|900;22.3|114.2|700,East and South Asia,
Lotus,35,Aquatic plant with large floating leaves and symbolic flowers. Sacred in Hinduism and Buddhism representing purity and spiritual enlightenment. Used for food from seeds and roots and in ornamental ponds.,plant,,,28.6|77.2|700;13.8|100.5|600,South and East Asia,
Neem Tree,36,Tree revered in Hindu culture as a sacred healing plant. Known for strong medicinal and insect-repelling properties. Used as natural pesticide in medicine and skincare products.,plant,,,28.6|77.2|700;12.97|77.59|600,Indian subcontinent,
Saffron Crocus,37,Flower whose stigmas produce the spice saffron. Used in religious ceremonies across ancient Persian and Greek traditions. Used as culinary spice dye and in traditional medicine.,plant,,,32.4|53.7|600;38.7|35.5|400,Iran and Anatolia,
Lavender,38,Aromatic herb with purple flowers. Used for essential oils perfumes relaxation products and cooking.,plant,,,43.9|4.8|500;40.4|-3.7|500,Western Mediterranean,
Ginkgo,39,Ancient tree species with fan-shaped leaves. Planted at Buddhist temples across Asia and considered sacred. Used for herbal supplements and urban landscaping.,plant,,,32.0|118.8|600,Eastern China,
Camellia sinensis,40,Evergreen shrub used to produce green black and oolong teas. Used for beverage production and antioxidants in health products.,plant,,,26.1|119.3|600;25.0|102.7|500,Southern China,
Cocoa Tree,41,Tropical tree whose seeds produce chocolate. Used for chocolate production beverages and cosmetics.,plant,,,-0.2|-78.5|600;4.7|-74.1|500,Amazon and Andes foothills,
Rubber Tree,42,Tree that produces latex sap. Used for natural rubber in tires gloves and industrial products.,plant,,,-3.1|-60.0|700,Amazon Basin Brazil,
Rafflesia,43,Parasitic plant producing the world's largest single flower known for its strong rotten smell. Used for botanical research eco-tourism and education about parasitic plants.,plant,,,-2.5|117.5|600;0.5|101.4|500,Sumatra and Borneo,
Monkey Puzzle Tree,44,Ancient conifer with stiff spiraling branches and sharp leaves. Used for ornamental landscaping and produces edible seeds.,plant,,,-38.7|-72.6|500,Chile Andes,
Bleeding Heart,45,Plant with heart-shaped flowers that appear to drip from the bottom. Used for ornamental gardening.,plant,,,40.0|116.4|600;37.5|127.0|500,East Asia,
Sundew,46,Carnivorous plant with sticky tentacles that trap insects. Used for botanical research and pest control in terrariums.,plant,,,-25.3|131.0|900;51.5|-0.1|700,Australia and Europe,
Walking Onion,47,Plant that forms bulb clusters that bend and walk across the ground. Provides edible onions and is a home gardening curiosity.,plant,,,35.0|105.0|800,China,
Tillandsia,48,Plant that grows without soil and absorbs nutrients from air and moisture. Used for indoor decoration and terrariums.,plant,,,19.4|-99.1|700;-15.8|-47.9|700,Tropical Americas,
Welwitschia,49,Strange desert plant with only two leaves that grow continuously for centuries. Used for botanical research and desert ecosystem study.,plant,,,-22.6|14.5|400,Namib Desert,
Snake Plant,50,Hardy plant with tall sword-like leaves. Used for indoor air purification and houseplant decoration.,plant,,,-4.0|30.0|700,West Africa,
Prayer Plant,51,Leaves fold upward at night like hands in prayer. Used as indoor ornamental plant.,plant,,,-15.8|-47.9|700,Brazil,
Ice Plant,52,Succulent with shiny cells on leaves that sparkle like ice crystals. Used for ground cover in gardens and erosion control.,plant,,,-33.9|18.4|500,South Africa,
Swiss Cheese Plant (Monstera),53,Tropical plant with large leaves full of natural holes. Used for interior decoration and ornamental landscaping.,plant,,,10.0|-84.0|600;9.9|-84.1|400,Central America,
Curry Leaf Tree,54,Small tree with aromatic leaves used in cooking. Used as culinary spice and in traditional medicine.,plant,,,11.0|78.0|600;6.9|79.9|400,South India and Sri Lanka,
Curry Plant (Helichrysum),55,Plant with leaves that smell like curry but are rarely eaten. Used in aromatic gardens and for ornamental use.,plant,,,-30.6|22.9|600,Southern Africa,
Bottle Gourd,56,Climbing vine producing hard-shelled gourds. Used for containers musical instruments and utensils.,plant,,,9.1|7.5|800;28.6|77.2|700,Africa and South Asia,
Ghost Pepper Plant,57,Plant that produces one of the world's hottest peppers. Used for extreme spice in cooking and hot sauces.,plant,,,26.1|91.7|400,Northeast India,
Chocolate Cosmos,58,Flower that naturally smells like chocolate. Used for ornamental gardening and fragrance gardens.,plant,,,19.4|-99.1|500,Mexico,
Corkscrew Vine,59,Vine with twisted spiral flowers. Used as decorative climbing plant.,plant,,,19.4|-99.1|600,Mexico and Central America,
Fairy Lantern,60,Plant with lantern-shaped flowers that grow close to the ground. Used for ornamental gardening.,plant,,,36.2|138.3|500,Japan,
Paperbark Tree,61,Australian tree with distinctive layered white bark that peels in thin papery sheets. Used in traditional Aboriginal medicine shelter construction and food wrapping.,plant,,,-33.9|151.2|600;-27.5|153.0|500,Eastern Australia,
Breadfruit Tree,62,Large tropical tree bearing starchy fruits that can be cooked and eaten. Important food staple in Pacific island communities used in cooking and traditional culture.,plant,,,-17.5|-149.5|700;1.5|173.0|700,Pacific Islands,
Marcus Aurelius,63,Roman Emperor and Stoic philosopher whose book Meditations shaped modern ideas of resilience self-discipline and mindful leadership. Widely read by world leaders and entrepreneurs today.,philosopher,121,birth,41.90|12.50|400,Rome Italy,
Seneca,64,Roman Stoic philosopher and playwright whose writings on time management and the brevity of life directly influence modern productivity and self-improvement culture.,philosopher,-4,birth,37.98|-1.13|400,Cordoba Spain,4 BC–65 AD
Epictetus,65,Former slave who became a Stoic philosopher. His teachings on focusing only on what we can control shaped cognitive behavioral therapy and modern resilience psychology.,philosopher,50,birth,38.4|29.7|400,Hierapolis Phrygia,50–135 AD
Socrates,66,Ancient Greek philosopher known for the Socratic method of questioning. His approach to critical thinking forms the foundation of modern education legal reasoning and scientific inquiry.,philosopher,-470,birth,37.98|23.73|300,Athens Greece,470–399 BC
Plato,67,Student of Socrates who founded the Academy in Athens. His theory of ideal forms and justice shaped Western philosophy politics and the concept of democracy.,philosopher,-427,birth,37.98|23.73|300,Athens Greece,427–347 BC
Aristotle,68,Student of Plato who founded formal logic and classified knowledge into sciences. His work underpins modern biology ethics politics and the scientific method.,philosopher,-384,birth,40.52|23.66|300,Stagira Greece,384–322 BC
Confucius,69,Ancient Chinese philosopher and teacher whose emphasis on virtue education and social harmony continues to shape East Asian culture governance and family values.,philosopher,-551,birth,35.58|116.98|400,Qufu China,551–479 BC
Laozi,70,Ancient Chinese philosopher and founder of Taoism whose text the Tao Te Ching shapes Eastern thought on balance harmony and non-interference influencing leadership and wellness today.,philosopher,-600,birth,33.75|113.6|500,Eastern Zhou China,6th century BC
Zhuangzi,71,Taoist philosopher known for poetic philosophical writing whose ideas about perspective freedom and living naturally influence Eastern psychology and modern mindfulness practices.,philosopher,-369,birth,33.6|114.0|500,Song state China,369–286 BC
Immanuel Kant,72,German philosopher who defined the limits of reason and human knowledge. His categorical imperative shapes modern ethics human rights law and democratic political theory.,philosopher,1724,birth,54.71|20.51|300,Konigsberg Prussia,1724–1804
Friedrich Nietzsche,73,German philosopher who challenged traditional morality and religion. His concepts of the will to power and self-overcoming influence modern psychology existentialism and cultural criticism.,philosopher,1844,birth,51.15|12.0|300,Rocken Germany,1844–1900
Arthur Schopenhauer,74,German philosopher known for the philosophy of will whose ideas influenced Freud and Nietzsche and shaped modern theories on desire motivation and the unconscious mind.,philosopher,1788,birth,54.35|18.65|300,Gdansk Poland,1788–1860
René Descartes,75,French philosopher and mathematician who founded modern rationalism. His statement I think therefore I am anchors modern ideas of consciousness and the scientific method.,philosopher,1596,birth,47.0|0.2|300,La Haye France,1596–1650
John Locke,76,English philosopher who defined natural rights of life liberty and property. His political theory directly shaped the United States Constitution and modern liberal democracy.,philosopher,1632,birth,51.3|-2.8|300,Wrington England,1632–1704
David Hume,77,Scottish philosopher who questioned causation and the limits of human reason. His empiricism influenced modern science economics and the philosophy of religion and mind.,philosopher,1711,birth,55.95|-3.19|300,Edinburgh Scotland,1711–1776
Baruch Spinoza,78,Dutch philosopher who argued for the unity of God and nature as a single substance. His ideas shaped secular thought the separation of church and state and modern pantheism.,philosopher,1632,birth,52.37|4.90|300,Amsterdam Netherlands,1632–1677
Voltaire,79,French Enlightenment writer and philosopher whose fierce advocacy for freedom of speech tolerance and secular governance helped ignite the French Revolution and modern civil liberties.,philosopher,1694,birth,48.86|2.35|300,Paris France,1694–1778
Jean-Jacques Rousseau,80,French philosopher who argued society corrupts natural human goodness. His ideas about the social contract and popular sovereignty shaped modern democracy and education theory.,philosopher,1712,birth,46.20|6.14|300,Geneva Switzerland,1712–1778
Thomas Hobbes,81,English philosopher who argued that without government life would be brutal and short. His social contract theory laid the groundwork for modern political science and state authority.,philosopher,1588,birth,50.83|-2.76|300,Westport England,1588–1679
John Stuart Mill,82,British philosopher and economist known for utilitarianism and liberalism. His defense of individual freedom and women's rights influenced modern democracy and human rights legislation.,philosopher,1806,birth,51.51|-0.13|300,London England,1806–1873
Karl Marx,83,German philosopher and economist who analyzed capitalism and class struggle. His ideas shaped socialist and communist movements and continue to influence political economy and labor rights debate.,philosopher,1818,birth,49.75|6.64|300,Trier Germany,1818–1883
Simone de Beauvoir,84,French existentialist philosopher and feminist whose book The Second Sex is a founding text of modern feminism challenging gender roles and shaping women's liberation movements worldwide.,philosopher,1908,birth,48.86|2.35|300,Paris France,1908–1986
Jean-Paul Sartre,85,French existentialist philosopher who argued existence precedes essence. His ideas on radical freedom and personal responsibility profoundly shaped modern literature psychology and political activism.,philosopher,1905,birth,48.86|2.35|300,Paris France,1905–1980
Albert Camus,86,French-Algerian philosopher and author who explored the absurdity of life. His philosophy of rebellion against meaninglessness continues to inspire modern ethics literature and humanist thought.,philosopher,1913,birth,36.75|3.06|300,Algiers Algeria,1913–1960
Ludwig Wittgenstein,87,Austrian-British philosopher who revolutionized the philosophy of language. His insight that meaning depends on use in context shaped modern linguistics cognitive science and analytic philosophy.,philosopher,1889,birth,48.21|16.37|300,Vienna Austria,1889–1951
Bertrand Russell,88,British philosopher and mathematician whose work in mathematical logic helped birth modern computer science and artificial intelligence. A leading voice for pacifism and rationalism.,philosopher,1872,birth,51.75|-3.38|300,Trellech Wales,1872–1970
Hannah Arendt,89,German-American political philosopher who analyzed totalitarianism and the nature of evil. Her work on political freedom and public life shapes modern debates on democracy authoritarianism and human rights.,philosopher,1906,birth,52.40|9.80|300,Linden Germany,1906–1975
Michel Foucault,90,French philosopher who analyzed how power and knowledge shape social institutions. His critiques of prisons medicine and sexuality influence modern sociology critical theory and political activism.,philosopher,1926,birth,46.58|0.34|300,Poitiers France,1926–1984
Thomas Aquinas,91,Medieval theologian and philosopher who synthesized Aristotle with Christian theology. His natural law theory underpins modern Catholic moral teaching and Western concepts of justice and human dignity.,philosopher,1225,birth,41.35|13.43|300,Roccasecca Italy,1225–1274
Augustine of Hippo,92,Early Christian theologian and philosopher whose ideas on sin grace and the City of God shaped Western Christianity. His introspective writing influenced modern psychology and religious philosophy.,philosopher,354,birth,36.90|7.76|300,Hippo Regius Algeria,354–430
Diogenes,93,Ancient Greek Cynic philosopher who lived in radical simplicity. His rejection of wealth and social convention challenges modern consumerism and inspires minimalist and anti-establishment thought.,philosopher,-412,birth,36.8|34.6|300,Sinope Turkey,412–323 BC
Heraclitus,94,Pre-Socratic Greek philosopher who taught that everything is in constant flux. His ideas on change and opposing forces influenced Hegel Marx and modern process philosophy.,philosopher,-535,birth,37.94|27.34|300,Ephesus Turkey,535–475 BC
Parmenides,95,Pre-Socratic Greek philosopher who argued that reality is one unchanging whole. His reasoning against change and plurality shaped the foundations of Western metaphysics and logical argumentation.,philosopher,-515,birth,40.05|15.65|300,Elea Italy,515–450 BC
