name,number,description,cloze,category,year,year_kind,pins,place_label,quotes
amaryllis,1,"The Victorians associated amaryllis with pride by virtue of its grand, tall stalks topped with bright blooms that towered over other flowers. Amaryllis, with its often leafless stems, is also known for withstanding drought. It is a strong and hearty plant, too prideful to perish under harsh conditions.","{meaning:""pride"";scientific_name:""hippeastrum""}",floriography,,,,,
anemone,2,The anemone's association with forsaken love can be traced back to Greek mythology. The flower is said to have sprung from Aphrodite's tears as she mourned the loss of her beloved Adonis. He was killed by the jealous gods over his relationship with the goddess of love,"{meaning:""forsaken love"";scientific_name:""anemone""}",floriography,,,,,
apple blossom,3,"The apple's connection to preference comes from the fable of the Golden Apple of Discord. Eris, the goddess of discord, threw a golden apple into a wedding ceremony that she was not invited to attend. The apple was inscribed with ‚ÄúFor the most beautiful,‚Äù and Hera, Athena, and Aphrodite all laid claim to it. Zeus tasked Paris of Troy with deciding between the three goddesses. He eventually chose Aphrodite after she promised him the love of the world's most beautiful woman, Helen of Sparta. Because Helen was already married to King Menelaus, Paris's preference ultimately caused the Trojan War.","{meaning:""preference"";scientific_name:""Malus""}",floriography,,,,,
asphodel,4,"In Greek mythology, asphodels grew in the underworld and were consumed by the dead. Homer's Odyssey shaped the idea of asphodel as a flower of regret, referring to the Asphodel Meadows as a section of the underworld where neither good nor evil souls resided‚Äîa type of ghostly purgatory.","{meaning:""My regrets follow you to the grave"";scientific_name:""Asphodelus""}",floriography,,,,,
aster,5,"The aster's association with daintiness most likely comes from its appearance. The many long and slender petals delicately surround a bright, yellow center: a tiny masterpiece in a field of blooms.","{meaning:""daintiness"";scientific_name:""Symphyotrichum""}",floriography,,,,,
azalea,6,"The azalea is notoriously fragile and difficult to grow. The beautiful, tender blossoms only last for a short time before tumbling to the ground. Along with this, its shallow roots do not tolerate overwatering, hence its association with temperance.","{meaning:""fragility"";scientific_name:""Rhododendron""}",floriography,,,,,
babys breath,7,"In the late nineteenth century, the Gysophila plant was dubbed ‚Äúbaby's breath,‚Äù due to its lovely scent and small, delicate blooms. Similar in appearance to the intricate lace of a bridal veil, this flower is frequently used in wedding bouquets as well as in arrangements for new mothers.","{meaning:""purity"";scientific_name:""Gypsophila""}",floriography,,,,,
basil,8,"Basil's association with hate comes from the Greeks, who believed the plant's unfolding leaves to resemble the basilisk's opening jaws. The Greeks also associated hatred with the basilisk's glare, because this legendary serpent could kill with just one glance.","{meaning:""hatred"";scientific_name:""Ocinum""}",floriography,,,,,
begonia,9,"To repay a favor, Charles Plumier, a seventeenth-century French botanist, named the begonia flower after Michel B√©gon, a French politician and plant collector. The flower's name, which contains the phrase ‚Äúbe gone,‚Äù may explain its use as a symbol of warning.","{meaning:""warning and to repay a favor"";scientific_name:""Begonia""}",floriography,,,,,
belladonna,10,"Belladonna, also called deadly nightshade, is one of the most toxic plants on earth. It was commonly used by the Romans as a poison, causing death and thus silencing the victim forever. Additionally, the genus Atropa is named for the Greek goddess Atropos, the oldest of the three Fates, who was known for cutting the thread of life, ending the lives of mortals.","{meaning:""silence"";scientific_name:""Atropa belladonna""}",,,,,,
Bluebell,,"The bluebellís appearance inspired its associations with humility and faithfulness. The tranquil, bell-shaped flowers bow down on the stem, shying away from the sunshine as though showing contritio","{meaning:""humility"";scientific_name:""Hyacinthoides""}",,,,,,
Buttercup,,"Buttercupís meaning may originate with a Victorian-era childhood game.†Children would hold a buttercup under their†chin and check to see if a yellow reflection appeared†on the skin.†If the radiant glow appeared, then the†bearer loved butter!","{meaning:""You are radiant with charm"";scientific_name:""Ranunculus""}",,,,,,
Camellia,,"The†camelliaís meaning originates with the 1848 Alexandre Dumas†novel,†La dame aux camÈlias, which tells the tragic love†story of Armand Duvalóa young bourgeoisóand Marguerite Gautier,†a courtesan.†The two fall in love, but their relationship†is undermined by Armandís father.†Fearing scandal, he convinces†Marguerite to leave Armand.†Armand mourns his beloved, but he†doesnít pursue her, believing she has left him for†another man.†Meanwhile, Marguerite falls ill with consumption.†She dies†alone, pining for Armand and what could have been","{meaning:""Longing for you"";scientific_name:""Dianthus caryophyllus""}",,,,,,Daffodil to show longing for an unrequited love; Zinnia as a gift for a friend who is moving away
Carnation,,"The meaning behind carnations can be traced back to the Crucifixion of Christ; carnations are said to have appeared where the Virgin Maryís tears fell, leading to their association with heartache and a motherís eternal love for her son. Additionally, the common name ìcarnationî may refer to Christ as the incarnation of God as man.","{meaning:""Motherís eternal love"";scientific_name:""Dianthus caryophyllus""}",,,,,,Mint or snowdrop to console the loss of a child; Heather for a child going off to college
Cattail,,"The cattailís association with peace and prosperity is largely unexplained, but it may derive from the plantís many domestic uses. Traditionally, the plant is used to weave baskets, to insulate clothing or bedding, as fuel for a hearth fire, and as food.","{meaning:""Peace and prosperity"";scientific_name:""Typha latifolia""}",,,,,,"Daffodil to show longing for an unrequited love, Zinnia as a gift for a friend who is moving away,associations:""Wheat for a promotion at work; Laurel for success in a new venture"
Chamomila,,"Chamomileís meaning may come from its many healing properties, which were first recognized in ancient Egypt. Brewed in tea, chamomile calms the nerves and promotes sleep, allowing the body and mind to rest and renew during times of stress. Chamomile is said to produce the healing energy and prolonged vigor needed to overcome adversity.","{meaning:""Energy in adversity"";scientific_name:""Matricaria""}",,,,,,Wheat for a promotion at work;Laurel for success in a new venture
Chrysanthemum,,"Autumn-blooming chrysanthemums are frequently used in funerals and placed on graves in many countries in Europe, including France, Belgium, Italy, and Spain. This ritual may derive from the practice of decorating graves on All Soulsí Day, a Christian holiday occurring in early November, when many blooms are difficult to find. The chrysanthemum is thought to be a token of comfort during a time of grieving.","{meaning:""Condolences"";scientific_name:""Chrysanthemum""}",,,,,,Willow for a friend in grief;Gladiolus for a broken heart
Clematis,,"Clematis, named for its†cunning ability to climb up walls and trellises, is easily†associated with cleverness and ingenuity.†This vining bloom never fails†to find its way up difficult terrain, often engulfing its†surroundings once it has taken hold","{meaning:""Ingenuity"";scientific_name:""Clematis""}",,,,,,Rosemary and clover as a good luck gift before an exam;Mistletoe to show your clever problem-solving will overcome challenge
Trifolium,,"Clovers, in particular four-leaf clovers, have been associated with luck for centuries. The ancient Druids in Ireland believed that carrying a clover allowed one to detect evil spirits approaching. Similarly, in the Middle Ages, many Irish believed that carrying a four-leaf clover allowed one to see fairies. In 1620, in the earliest recorded mention of cloverís association with luck, Sir John Melton wrote, ìIf any man walking in the fields, find any foure-leaved grasse, he shall in a small while after find some good thing.î","{meaning:""Good luck"";scientific_name:""Trifolium""}",,,,,,Heather and wheat for good luck with a new business venture;Apple blossom and dandelion to show hope that the recipientís wishes will come true
Columbine,,"Columbina†was the name of a recurring character in the†commedia†dellíarte†of early modern Italy.†A mistress of the†jester or ìfool,î Harlequin, Columbina was known for her loud†and gossipy nature.†The columbineís association with foolishness may†stem from Columbinaís love of the fool, or her†own readiness to make a fool of herself and others.†The unusually shaped bloom of the columbine also resembles a†court jesterís hat.","{meaning:""Foolishness"";scientific_name:""Aquilegia""}",,,,,,Asphodel to ask for forgiveness for an imprudent mistake;Protea to show youíre working to make a big change and correct past mistakes
Cornflower,,"Folklore surrounding the cornflower, also called a ìbachelorís button,î†states that a young man is to wear the flower†when he is in love.†If the flower dies quickly,†it means his adoration is unrequited.†However, if the flower†maintains its bloom, there is hope that the young manís love will be returned.","{meaning:""Hope in Love"";scientific_name:""Centaurea cyanus""}",,,,,,"Lilac as a gift for a first love,Sweet William to show you will always be true"
Cowslip,,"Cowslip gets its meaning from a story told about†Saint Peter, the gatekeeper of Heaven.†He accidentally dropped his†keys, and when they fell to Earth, they turned to†cowslip.†Cowslip is also known as the ìkey flower,î because†its flowers resemble a ring of golden keys.†The legend†suggests that those who find the flower can ìwin graceî†and enter into Heaven.","{meaning:""Winning Grace"";scientific_name:""Primula veris""}",,,,,,Hawthorn for hope in a new prospect;Honeysuckle as a gift when meeting your significant otherís parents
Crocus,,"Crocuses are some of the first flowers to bloom†in the frost and snow; their cheerful petals and sunshine†yellow filaments emerge to welcome spring.†Perennial flowers that†pop up†each year, crocuses are also associated with†youthful glee.","{meaning:""Condolences"";scientific_name:""Crocus""}",,,,,,Daisy for the start of a new school year;Buttercup as a gift for a charming young friend
Cypress,,"The cypress tree has been a symbol of mourning and death since classical antiquity, and it remains the tree most commonly planted in cemeteries in both Europe and the Middle East. In the Greek myth from which the tree gets its name, Cyparissus accidentally killed his beloved companion, a tame stag. He was so overcome by grief that he was transformed into a cypress tree.","{meaning:""Death"";scientific_name:""Cupressus""}",,,,,,"Marigold and ivy for a grieving friend;Orange blossom to indicate your eternal devotion to a recently deceased loved one"""
Daffodil,,"The Greek legend of†Narcissus, from which the scientific name of this plant derives,†tells†of a handsome and proud hunter who, upon seeing†his reflection in the waters of a spring, falls in†love with himself.†Unable to part from his own image,†he eventually perishes.†A daffodil then blooms to mark his grave.","{meaning:""Unrequited love"";scientific_name:""Narcissus""}",,,,,,Clover for hope for change;Sweet pea to indicate giving up on an ill-suited romance
Dahlia,,"The†dahlia flower is often called the ìQueen of the†Autumn Gardenî because it blooms for an extended period of†time, living well into the fall months.†Frequently used in†wedding bouquets during the Victorian era, the flower symbolized longevity and commitment.","{meaning:""Eternal love"";scientific_name:""Dahlia""}",,,,,,Tulip for a newly engaged couple;Myrtle to show love and devotion
Daisy,,"The daisy is associated with innocence, childhood, and purity in a number of folklore traditions.†In Norse mythology, the daisy†is tied to Freya, the goddess of fertility, motherhood, and†childbirth.†In Celtic tradition, daisies grew for the spirits of†children who died in birth.†And in ancient Roman mythology, the nymph Belides turns herself into a daisy to preserve†her innocence while sheís pursued by Vertumnus, the god†of the seasons.","{meaning:""Innocence"";scientific_name:""Bellis""}",,,,,,"Babyís breath as a gift for a newborn baby,Peony and violet for an expression of childhood bliss"
Dandelion,,"Dandelions are associated with wishes and fortune-telling; itís customary in many Western cultures to make a wish while blowing on the dandelionís ìpuff,î dispersing its seeds. More practically, dandelions have been used to predict the weather, as their puffs will stay closed in inclement weather and open when sunny, clear skies are on the way.","{meaning:""Divination"";scientific_name:""Taraxacum""}",,,,,,Ferns for a magical solstice celebration;Foxglove and holly to indicate the ability to solve future problems
Datura,,"Datura, while it may charm you with its beautiful appearance, is extremely poisonous if ingested. The flowers, also known as ìdevilís trumpets,î are said to have been used in early European witchcraft as an ingredient in the ointment that allowed witches to fly on their broomsticks.","{meaning:""Deceitful charms"";scientific_name:""Datura""}",,,,,,Wormwood for a spurned lover;Thistle for a friend going through a breakup
Dogwood,,"The gentle and†whimsical blooms of the dogwood tree look delicate, but the†wood of its trunk is strong and durable.†Victorian lovers†used this flower to indicate that their love could endure†any trial.","{meaning:""Our love will overcome adversity"";scientific_name:""Cornus""}",,,,,,Hellebore for strength to overcome scandal;Monkshood for chivalry in the face of an obstacle
Eldelweiss,,"Because the star-shaped, white edelweiss flower blooms high in the Alps, collecting the blossoms is a dangerous task. For this reason, procuring edelweiss for your lover was thought to be a feat of great courage and devotion.","{meaning:""Courage"";scientific_name:""Leontopodium""}",,,,,,Lily and laurel for a friend embarking on a new career;Sweet William to show the recipient your gallant courage
Eucalyptus,,"Aboriginal peoples used eucalyptus oil to disinfect, soothe, and treat many common ailments, thus providing protection from illness. Named by Charles Louis LíHÈritier de Brutelle in 1788, eucalpytusís name comes from the Greek roots eu and kalyptÛs, translating to ìwellî and ìcovered,î again suggesting protection.","{meaning:""Protection"";scientific_name:""Eucalyptus""}",,,,,,Heather for good luck to a friend embarking on a journey;Queen Anneís lace to wish the recipient safe travels
Fern,,"Ferns grow in wet areas, yet their leaves repel water.†This curious quality led ferns†to be associated with magic and secrecy.†The genus†Adiantum, which comes from the Greek for ìunwetted,î honors fernsí fascinating†duality.†Additionally, Venus, the Roman goddess of love and beauty, was said to have tresses of maidenhair ferns, which remained†dry after she rose from the sea.","{meaning:""Magic"";scientific_name:""Adiantum""}",,,,,,"Foxglove for a secret love, Poppy to show the recipient you think of them in your dreams"
Forget-Me-Not,,"The forget-me-notís name and meaning originate with a German folktale about a young couple in love. While walking along a river, the bride-to-be stops to admire a cluster of beautiful blue flowers. Her lover attempts to pick the flowers for her, but he falls into the swiftly flowing river. He throws the flowers to her as the river carries him away, calling out to her, ìForget me not!î","{meaning:""Forget me Not"";scientific_name:""Myosotis""}",,,,,,"Zinnia for a friend who is moving away, Larkspur to say remember the good times, Oak for a long-distance relationship"
Foxglove,,"Foxglove has long†been associated with fairy folklore in the British Isles.†Its†name may have been ìfolkgloveî originally, as fae folkóor†fairiesówere said to hide within its blooms.†Children who†wished to see the fairies and hear their riddles would†peer inside these flowers.†Picking a foxglove, however, was thought†to be bad luck, as it robbed the fairies of†their homes; this rumor may have begun to keep children†from touching these blooms, which could be deadly if consumed.","{meaning:""Riddles"";scientific_name:""Digitalis""}",,,,,,Lavender to warn a friend of an unfaithful love;Hyacinth to ask for forgiveness for divulging a secret
Gladiolus,,"In Latin,†gladius†translates to ìsword,î hence the common nickname ìsword lilyî for this flower.†Both the name and meaning†of this large and imposing plant derive from the swordlike shape of its leaves.","{meaning:""You pierce my heart"";scientific_name:""Gladiolus""}",,,,,,Yarrow to heal a broken heart; Anemone and daffodil for an unrequited love; Hemlock and marigold for a friend in grief
Hawthorn,,"In Greek mythology, Hymenaios, god of the wedding ceremony, carried a hawthornóthought to be sacredóin a flaming torch. Ancient Greek brides used the blossoms in their bouquets and hair on their wedding days, leading to hawthornís association with hope in love.","{meaning:""hope"";scientific_name:""Grataegus""}",,,,,,Camellia to indicate hope that a lost love will return;Orange blossom to show hope that the recipient will return your affections
Heather,,"Heatherís meaning originates with Scottish folklore. In the third century, Malvina, a legendary beauty, was betrothed to a brave warrior called Oscar. As Oscar lay dying in battle, he instructed a messenger to deliver a sprig of purple heather to his bride-to-be as a token of his eternal love. When Malvinaís tears fell upon the flower, it changed from purple to white. From then on, heather was said to turn sorrow to good fortune and protection. Historically, many Scottish warriors have worn white heather in battle for this reason.","{meaning:""Luck"";scientific_name:""Calluna""}",,,,,,Rose as you begin a new relationship;Cattail for good health for a friend awaiting a diagnosis
Hellebore,,"Despite†its reputation as a poisonous plant, hellebore has been†used for medicinal purposes.†In Greek myth, the healer Melampus†is said to have cured madness by administering hellebore, and†herbalists throughout ancient times and into the Middle Ages used†hellebore to treat various ailments.†The curious plant, which bloomed†at the very end of winter, just before spring, was†thought to have magical powers, and was at times associated with witchcraft.","{meaning:""a"";scientific_name:""a""}",,,,,,"Begonia to warn of future challenges;Edelweiss for courage in the face of whatís to come;
Clover for hope and good luck;"
Hemlock,,"Hemlock is a poisonous plant that causes paralysis and†death.†Perhaps the most infamous poisoning by hemlock was that†of Socrates, who drank a tea made from the plant†after being sentenced to death for his moral philosophy.","{meaning:""Conium maculatum"";scientific_name:""Conium maculatum""}",,,,,,Chrysanthemum for condolences upon the loss of a loved one;Nettle for a loved one who has been taken away too soon
Holly,,"In many European†pagan traditions, holly branches were hung in homes to protect†against misfortune.†This custom was later adopted for the Christmas†holidays by the Victorians, who loved to indulge in superstition.†Holly often figured in fortune-telling games as well; in†Wales, it was said that if a girl ran seven†laps around a holly tree one way, then seven times†around the other way, her future husband would appear to†her.","{meaning:""Foresight"";scientific_name:""Hex""}",,,,,,Orchid to show gratitude for a gift you treasure;Cornflower to show your true devotion to a loved one
Honeysuckle,,"Victorians claimed that sleeping with honeysuckle flowers under your pillow would cause you to dream of your true love. This belief may have originated with Shakespeares A Midsummer Nightís Dream, in which Titania compares her slumbering with Bottom to the way a sweet honeysuckle encircles a barky elm: Sleep thou, and I will wind thee in my arms . . . So doth the woodbine the sweet honeysuckle / Gently entwist; the female ivy so / Enrings the barky fingers of the elm. / O, how I love thee! How I dote on thee!","{meaning:""Devotion"";scientific_name:""Lonicera""}",,,,,,Orchid to show gratitude for a gift you treasure;Cornflower to show your true devotion to a loved one
Hyacinth,,"The hyacinth takes its name and meaning from Greek mythology. Hyacinthus, a beautiful young man, was beloved by Apollo. During a game of discus throwing, Apolloís discus was knocked from its course by a jealous Zephyrus, striking Hyacinthus and killing him. Hyacinth flowers were said to have grown from the blood that fell from his head wound as Apollo begged his forgiveness.","{meaning:""Please forgive me"";scientific_name:""Hyacinthus""}",,,,,,Olive to ask for peace and forgiveness;Pansy to indicate your betrayal haunts you
Hydrangea,,"The hydrangeaís negative association with boastfulness and heartlessness comes from its bountiful and round blooms. Large and abundant, the magnificent flowers only produce a few seeds, supporting the notion that they are all show and little substance.","{meaning:""Boastfulness"";scientific_name:""Hydrangea""}",,,,,,Tansy and petunia to indicate your displeasure at a recent turn of events;Fern to reassure a friend that you will keep their secret indiscretion to yourself
Hyssop,,"The meaning behind hyssop can be traced to ancient Greece, where the flower was used to clean and purify temples. In biblical times, the plant was even used to treat leprosy. Its cleansing aroma is a welcome addition in bouquets representing a
new beginning.","{meaning:""Cleanliness"";scientific_name:""Hyssopus""}",,,,,,Lily and Queen Anneís†lace when housesitting to show youíll keep things clean†and tidy;Jasmine to honor a friend for their cheerful†and virtuous heart
Iris,,"The iris has long been associated with power and victory; the ancient Egyptians used the iris to crown the brow of the Sphinx. Years later, Clovis I, the fifth-century king of the Franks, won a significant battle after seeing irises blooming in a river. His soldiers adorned themselves with the flowers afterward, and the irisís three upper petals were then said to represent the valor, wisdom, and faith that led to their success in battle.","{meaning:""valor"";scientific_name:""iris""}",,,,,,Bluebells to show humility in victory;Clematis to indicate admiration for ingenuity
Ivy,,"This clinging, leafy vine winds itself around ancient trees. Even after a tree dies, ivy remains attached, unable to be separated from its eternal embrace.","{meaning:""Fidelity"";scientific_name:""Hedera""}",,,,,,Dahlia to honor a long-lasting relationship;Hellebore to say that nothing will ever come between you and your partner
Jasmine,,"Jasmineís light and lovely scent, along with its elegantly shaped blooms, perfectly convey amiability and cheerfulness. It is often used in weddings and celebrations, especially in the Philippines, Pakistan, and Indonesia, where it is a native plant.","{meaning:""Amiability"";scientific_name:""Jasminum""}",,,,,,"Iris to show admiration for a friendís strength of character;Crocus for a kind and generous loved one, or one with a particular zest for life"
Lady Slipper,,"These orchids are famously fickle and difficult to cultivate. Some can take over a decade to bloom, and few survive transplantation. Others, howeveróif left undisturbedócan live for up to fifty years.","{meaning:""Capriciousness"";scientific_name:""Cypripedium""}",,,,,,Hawthorn for hope for a good outcome;Snapdragon to encourage a friend in an unpredictable situation
Larkspur,,"The distinctive†seedpod of the larkspur is said to resemble the foot†of a lark, hence its name.†The lovely and light†song of these birds lifts the spirit, just as the†beautiful purple petals of the plant reach up toward the†heavens.","{meaning:""Levity"";scientific_name:""Delphinium""}",,,,,,Protea to indicate better days are ahead;Begonia to assure someone that all past problems have been reconciled
Laurel,,"Ancient Olympic victors were crowned in wreaths of laurelóa tradition that was said to have originated with the Greek god Apollo. Pursued by Apollo, the nymph Daphne begged her father to protect her from his advances. Her father, Peneus, answered Daphneís plea by turning her into a laurel tree. After seeing Apolloís sadness at her transformation, Daphne is said to have crowned him with her leaves.","{meaning:""Glory"";scientific_name:""Laurus""}",,,,,,Oak and edelweiss to encourage bravery in new territory;Chamomile for energy to overcome hardship
Lavender,,"Historically, lavender grew in hot climates, where aspsóvenomous snakesófrequently made their homes. Thus, the beautiful and fragrant flower could lure a curious person to their death. Some say the asp that killed Cleopatra was hidden in a bundle of lavender.","{meaning:""Lonicera"";scientific_name:""a""}",,,,,,Foxglove to encourage a friend to reconsider their choices;Datura to tell someone that you see through their facade
Lilac,,"In Greek mythology, Pan, the god of the forests, was in love with Syringa, a nymph who feared his advances. To disguise herself, Syringa turned into a lilac bush. Pan, upon finding the shrub, cut its hollow reeds to form the pan flute, memorializing his first love. Victorian widows often wore lilac while in mourning over their late husbands.","{meaning:""First Love"";scientific_name:""Syringa""}",,,,,,"Monkshood to honor your first true love;
Tulip to declare being in love for the first time;
Daisy and aster for the purity and innocence of oneís first love"
Lily,,"In the Middle Ages, the lily became associated with the Virgin Mary. Paintings of the Annunciationóthe announcement by the archangel Gabriel to Mary that she would conceive and be the mother of Jesusóoften depict Gabriel giving the Blessed Virgin a lily, in honor of her purity.","{meaning:""Purity"";scientific_name:""Lilium""}",,,,,,"Orange blossom for a wedding anniversary;
Sweet William to honor an act of pure generosity"
Lily of the Valley,,"Saint Leonard, a hermit†who lived in the forests of West Sussex, was said†to have slain the last dragon in England.†According to†legend, the places where Saint Leonard battled the dragon are†marked by lilies of the valley, which blossomed in clusters†wherever the saintís blood was spilled.†Once he defeated†the dragon, Saint Leonard was able to resume his life†of happy seclusion.","{meaning:""Return of happiness"";scientific_name:""Convallaria""}",,,,,,Protea to transform a bad situation into a good one;Yarrow to help soothe a broken heart
Magnolia,,"The magnolia tree†exudes dignity with its tall and hearty structure, its rich, waxy leaves, and its large, white blooms.†Its flowers are†often associated with the American South, where the tree grows†to magnificent heights and endures scorching summers.","{meaning:""Dignity"";scientific_name:""Magnolia""}",,,,,,Belladonna to ask a friend to keep your secret;Olive as a reminder to maintain your dignity in difficult situations
Marigold,,"When clouds roll in or night falls, the marigold curls inward and lets its head droop. When it opens again in the sunlight, its petals, wet with dew, appear to be crying. Traditionally, marigolds are used to celebrate DÌa de los Muertos (Day of the Dead) in Mexico, when the spirits of the departed are believed to visit the living. This celebration is rooted in the Aztec festival honoring Mictecacihuatl, the goddess of the underworld","{meaning:""Grief"";scientific_name:""Tagetes""}",,,,,,Willow to indicate sorrow at the loss of a loved one;Rue to apologize for the pain youíve caused
Mint,,"In Greek†mythology, the naiad Minthe became enamored of Hades, the god†of the underworld.†Persephone, Hadesís jealous queen, turned Minthe†into the common garden herb.†Mint has been associated with†consolation and mourning and was often used in funerary rites†to mask the smell of the decomposing body.†And so,†while Minthe could not be with the god of the†underworld, her consolation was to become a plant associated with†death.","{meaning:""Consolation"";scientific_name:""Mentha""}",,,,,,Passionflower for faith that circumstances will improve;Cornflower to tell a friend they are thought of and loved during a difficult time
Mistletoe,,"In Norse mythology, the beloved god Balder was haunted by dreams of his impending death, so his devoted mother, Frigga, made everything in nature promise not to hurt him. Sadly, she overlooked the mistletoe plant. Loki, god of mischief, created an arrow from the plant and tricked Balderís brother into killing him with it. In her grief, Frigga begged the other gods to bring Balder back, which they did, proving he could surmount all difficulties, even death itself. The now common use of mistletoe as decoration during Christmastime is a holdover from Druidic winter solstice celebrations. The bright winter berry, cut from the oak tree, was seen as a symbol of hope during the darkest, most difficult time of year.","{meaning:""Surmounting all difficulties"";scientific_name:""Viscum""}",,,,,,Amaryllis for the confidence to overcome a challenge;Lady slipper to indicate your faith that the tides will turn in the recipientís favor
Monkshood,,Monkshood is linked to chivalry thanks to the shape of its purple petals: they resemble a medieval knightís helmet.,"{meaning:""Chivalry"";scientific_name:""Aconitum""}",,,,,,"Honeysuckle to show a friend youíll do anything for them; Dogwood or mistletoe to encourage a loved one during a tough time;
Cowslip to indicate you admire someoneís courage"
Myrtle,,"Perhaps due to their association with both Hathor and AphroditeóEgyptian and Greek goddesses of loveóthe beautiful, sweet-smelling blooms of this evergreen are frequently used in wedding celebrations.","{meaning:""Love"";scientific_name:""Myrtus""}",,,,,,Dahlia for your one true love;Carnation for a Motherís Day gift
Nettle,,"The stinging hairs†of the nettle plant can cause painful rashes to develop on†the skin.†In Hans Christian Andersenís fairy tale, ìThe†Wild Swans,î a young princess named Elise must save her†eleven brothers after they are turned into swans by their†spiteful stepmother.†In order to break the curse, Elise is†instructed by a fairy to gather stinging nettles and weave†them into shirts for each of her brothers.†As she†works in silence, the nettles cruelly sting and burn her†hands.†Accused of sorcery for her strange behavior, Elise is†sentenced to burn at the stake.†Just before she is†put to death, she throws the nettle shirts over her†brothers, transforming them back into men.†One shirt, however, is†left unfinished, leaving her youngest brother with a wing instead†of an arm","{meaning:""Cruelty"";scientific_name:""Urtica""}",,,,,,Oleander to warn someone that their betrayal has been discovered;Petunia to tell someone their apology has been deemed insincere
Oak,,"The oak tree was perhaps the most venerated of all plants throughout much of early history. It has long been associated with brave and triumphant figures in many different cultures. In Greek mythology, the oak is the sacred tree of Zeus. In Norse mythology, it is the tree of life, revered by Thor. And in Celtic Druidic culture, the oak tree was important in many rituals and ceremonies, as it was the sacred tree of the pagan god Dagda.","{meaning:""Bravery"";scientific_name:""Quercus""}",,,,,,Sweet William and monkshood for someone you admire;Clematis to indicate appreciation for a leader in your life
Oleander,,"The Victorians assigned the meaning of ìcautionî to the oleander, perhaps because the plant is poisonous, but also because of its association with the Greek cautionary myth of Hero and Leander. The two were in love, and although they lived on opposite sides of the Hellespont Sea, Leander swam across it every night to visit Hero. One night, during a violent storm, Leander died while trying to swim to his love in the rough waters. When Hero saw Leanderís body washed ashore, she called out, ìO, Leander! O, Leander!î and drowned herself to be with him in death.","{meaning:""Caution"";scientific_name:""Nerium oleander""}",,,,,,Azalea to warn someone theyíre about to make a poor choice;Sunflower to caution a friend against a bad investment
Olive,,"To ìextend an olive branchî is to offer†reconciliation and peace.†This phrase comes from the Old Testament†story of Noahís Ark, in which Noah assembles an†ark and fills it with pairs of animals before a†great flood.†After many days at sea, he sends a†dove to search for land, and the dove returns with†an olive branch in its beak, indicating landóand peaceóare near.","{meaning:""Peace"";scientific_name:""Olea""}",,,,,,Hawthorn and rue to ask for forgiveness;Queen Anneís lace as a housewarming gift
Orange Blossom,,"The orange blossom†was one of the most popular wedding flowers during the†Victorian era; from simple ceremonies to extravagant galas, almost every†wedding included the orange blossom.†When Queen Victoria married Prince†Albert in 1840, she wore a headdress of orange blossoms.†This flowerís association with eternal love can be traced†to ancient Greece: when Hera married Zeus, she was given†orange blossoms by Gaea, the ancient goddess of the earth†and fertility.","{meaning:""Eternal love"";scientific_name:""Citrus sinensis""}",,,,,,Dogwood for an anniversary gift after a difficult year;Ivy for a long-lasting relationship
Orchid,,"The orchidís colorful, delicate, and shapely petals easily evoke elegance and beauty. The flower became an exotic luxury during the Victorian era, when only the wealthy could afford the expensive bloom.","{meaning:""Elegance"";scientific_name:""Orchis""}",,,,,,Camellia for a friend you miss;Magnolia as a gift for someone you admire
Pansy,,"The name ìpansyî comes from the French pensÈe, meaning ìthought.î In Shakespeareís Hamlet, Ophelia remarks, ìThereís pansies, thatís for thoughts,î while distributing flowers after the death of her father.","{meaning:""You occupy my thoughts"";scientific_name:""Viola tricolor var. hortensis""}",,,,,,Chrysanthemum for a loved one going through a rough time;Forget-me-not as a gift for a friend whose kindness and generosity youíll never forget
Passionflower,,"In the sixteenth century, Jesuit missionaries came across the passionflower in South America. They believed the flower to be a symbol of the Passion of Christ. The ten petals represent the ten faithful apostles, the filaments the crown of thorns, the stamens the five wounds, the ovum the hammer, and the styles the three nails that pierced the hands and feet of Christ.","{meaning:""Faith"";scientific_name:""Passiflora""}",,,,,,"Edelweiss to indicate faith that someone will make the right choice, even if it is difficult;Iris as a gift for a religious leader"
Peony,,"In ancient Greece, it was said that nymphs could turn themselves into peony flowers to avoid being seen by humans. Bashful creatures by nature, they wished to hide from mortal eyes. Likewise, even in full bloom, peoniesí petals curl inward, protecting their delicate centers.","{meaning:""Bashfulness"";scientific_name:""Paeonia""}",,,,,,Hyacinth and violet to apologize and ask for forgiveness;Foxglove as a gift for a secret admirer
Petunia,,Little is recorded about the†origin of†this meaning.†The petunia is sensitive and easily damagedóperhaps like a person who is filled with anger or†resentment,"{meaning:""Anger"";scientific_name:""Petunia""}",,,,,,Wormwood to indicate displeasure at an outcome;Rosemary to show you will not forget someoneís wrongdoing
Poppy,,"The poppy is known for its narcotic effects; it is used to make the sedative opium. According to Greek myth, poppies grew in the land of the dead. They were associated with Demeter, whose daughter, Persephone, was the queen of the underworld.","{meaning:""Eternal Sleep"";scientific_name:""Papaver somniferum""}",,,,,,"Snowdrop for the loss of a loved one;
Dahlia to mark the grave of a cherished companion"
Protea,,"The protea flower was named for Proteus, the son of the Greek god Poseidon. Like Proteus, who could change shape whenever he wanted, Protea is an extraordinarily diverse plant genus, able to take many different forms.","{meaning:""Transformation"";scientific_name:""Protea""}",,,,,,"Laurel to congratulate a friend on their life-altering achievement;
Lily of the valley as a gift for someone recovering from an illness"
Queen Anneís Lace,,"The lacy fronds of Queen Anneís†lace fold together in a shield or nest-like shape, providing sanctuary and protection for their inhabitants.†It is often†called ìbirdís nestî for this reason.","{meaning:""Sanctuary"";scientific_name:""Daucus""}",,,,,,Cattail for a housewarming gift;Apple blossom for a friend purchasing a new home
Rose,,"The rose flower has been closely linked to love in many cultures throughout history. Its lushly layered petals and sweet aroma may explain why. For the Victorians, the color of the rose indicated the level of affection: a white rose was for innocent love; a blush pink rose was for a blossoming romance; and a deep red rose for passion. In Greek myth, Chloris, the goddess of flowers, is said to have turned a beautiful, dead nymph into a rose. She invited Apollo to warm the bloom, Aphrodite to lend it her beauty, Dionysus to add sweet nectar, and the three Graces to supply charm, joy, and magnificence. Chloris called the rose the ìQueen of Flowers.î","{meaning:""Love"";scientific_name:""Rosa""}",,,,,,Babyís breath for a wedding celebration;Cornflower for hope in a new romantic pursuit
Rosemary,,"Rosemary†has been associated with memory since ancient Greece; to help†them recall their studies, Greek scholars wore crowns of rosemary†during their examinations.†This symbolism was cemented with the help†of Shakespeare.†In†Hamlet, during her famous ìflower speech,î Ophelia†mentions the fragrant herb: ìThereís rosemary, thatís for†remembrance.†Pray you, love, remember.î","{meaning:""Remembrance"";scientific_name:""Salvia rosmarinus""}",,,,,,Crocus to reminisce about the past;Clematis for confidence in scholarly pursuits
Rue,,"While the English word ìrue,î meaning regre, and this plantís common name are etymologically unrelated, the Victorians still used the bitter-smelling Ruta graveolens to indicate regret. Most often, rue was sent, not to express regret on the part of the sender, but as a warning or threat, as in, ìYouíll regret what youíve done.î","{meaning:""Regret"";scientific_name:""Ruta""}",,,,,,Hyacinth to ask for forgiveness;Willow and chrysanthemum as a gift for a friend experiencing loss
Snapdragon,,Snapdragonís link to presumption may derive from a medieval fashion practice: maidens would wear snapdragons in their hair to show they were not interested in unsolicited attention from men. The flower warned young men against presumption in a subtle and elegant way.,"{meaning:""Presumption"";scientific_name:""Antirrhinum""}",,,,,,Asphodel to apologize for a lack of discretion;Holly to indicate your oversight will not happen again
Snowdrop,,"One of the first flowers to†bloom in the depths of winter, the bright white snowdrop†is a sign that springóand a turn toward better,†easier daysóis coming.†Victorians loved this unique flower but†warned against bringing it into the home.†If brought indoors,†it was considered a bad omen, perhaps even a harbinger†of death.","{meaning:""Consolation"";scientific_name:""Galanthus""}",,,,,,Carnation for a broken heart;Mistletoe to indicate endurance through difficult times
Sunflower,,"The ancient Inca believed this large, yellow flower to symbolize the sun god, Inti, and they decorated their bodies and temples in sunflower-shaped jewelry made of gold. As Spanish conquistadores arrived, they were impressed by this abundance of treasure, and when they saw a field of sunflowers, they believed, at first, theyíd come upon a literal trove of gold. Their mistake led to the bloomís association with ìfalse riches.î","{meaning:""False Riches"";scientific_name:""Helianthus""}",,,,,,"Bluebell and columbine to show humility for foolish past behavior;
Lavender to indicate distrust in a business partner"
Sweet Pea,,Victorians gave sweet peas†to thank their hosts for an enjoyable time.†The flowerís light and sweet smell was believed to brighten the†home and serve as a symbol of hospitality.,"{meaning:""Thank you for a lovely time"";scientific_name:""Ruta""}",,,,,,Hyssop and orchid to thank a friend for inviting you to their home;Zinnia as a token of appreciation
Sweet William,,"The origin of this flowerís common name is uncertain; many have speculated that the bloom was named for various historical Williamsóincluding William Shakespeare and William the Conqueror, among othersóbut no namesake has been confirmed. ìSweet Williamî was a common moniker for the gallant young men who featured in English folkloric stories and ballads.","{meaning:""Gallantry"";scientific_name:""Dianthus barbatus""}",,,,,,Eucalyptus to show you will protect a loved one in the face of adversity;Honeysuckle to indicate commitment to a relationship
Tansy,,"The tansyís folk medicinal uses may have given†rise to its meaning.†In the Middle Ages, the plant†was used in high doses to induce abortion and treat†intestinal worms.†Because the plant made people ill, in Victorian†times, sending a bouquet of tansy flowers was a way†of declaring that the recipient had made the sender sick†to their stomach.","{meaning:""Hostility"";scientific_name:""Tanacetum vulgare""}",,,,,,Anemone for a spurned lover;Snapdragon for someone giving you a difficult time
Thistle,,"Itís no surprise that the†spindly, prickly thistle is associated with misanthropy.†Its meaning also†has biblical roots: in Genesis, when God cast Adam and†Eve out of Eden, God told them that thorns and†thistles would grow from the land as part of their†punishment.","{meaning:""Misanthropy"";scientific_name:""Cirsium""}",,,,,,Rosemary to indicate you see through someoneís faÁade;Pansy to show youíre thinking of a friend going through a bitter separation
Tulip,,"A Turkish legend tells of two lovers, Ferhad and Shirin, who long to be together, but whose love is forbidden. When Ferhad hears a rumor that Shirin has taken her own life, he kills himself in order to be with her for eternity. Tulipsósymbols of his devotionóspring up where his blood is spilled.","{meaning:""I declare my love for you"";scientific_name:""Tulipa""}",,,,,,Buttercup to indicate affection for a charming new love;Ivy as a gift for a newly engaged couple
Violet,,"The violet grows low to the ground with its head bowed: a picture of modesty. Originally the flower of Valentineís Day, it is said that Saint Valentine, while jailed for attempting to spread Christianity, crushed violets growing near his cell in order to make ink. One legend claims he used this ink to write a letter to his jailerís daughter, whom he had healed from blindness, signing it,
ìYour Valentine,î thus inspiring centuries of romantic notes.","{meaning:""Modesty"";scientific_name:""Viola odorata""}",,,,,,Bluebell for a humble friend who means the world to you;Laurel to show a friend youíre proud of their accomplishments
Wheat,,"Thick stalks of golden wheat have long been associated with riches and abundance. In ancient times, large stores of wheat signified wealth, and a bountiful wheat harvest was synonymous with prosperity in the coming year.","{meaning:""Riches"";scientific_name:""Triticum""}",,,,,,Clover for good luck in a new venture;Begonia to repay a favor
Willow,,"The weeping willow appears to be a tree in mourning; its branches are downturned and sorrowful. In Greek mythology, willows are said to mark the entrance to the underworld. This may further explain why these melancholic trees are often pictured on gravestones and Victorian mourning jewelry.","{meaning:""Mourning"";scientific_name:""Salix""}",,,,,,Forget-me-not and cypress for a funeral;Gladiolus for a broken heart
Wormwood,,"Wormwood has a long history of association with bitterness. The Greeks called the herb absinthium, which translates to ìbitter.î Throughout the Bible, wormwood is mentioned several times, always in connection to bitterness. In the book of Revelation, it is written that a great star called Wormwood will fall from the sky and turn a third of all water bitter, causing widespread death.","{meaning:""Bitterness"";scientific_name:""Artemisia absinthium""}",,,,,,Larkspur and hyacinth to tell someone that things arenít as bad as they think;Belladonna to tell a friend youíll give them space
Yarrow,,"Yarrow takes its botanical name and meaning from the†Greek hero Achilles, who is said to have used a†poultice of yarrow to heal the wounds of his men†on the battlefield.†Yarrow is an ancient healing plant with†many medicinal properties; it is used even today to stop†bleeding, treat fevers, and promote digestion.","{meaning:""Cure for a broken heart"";scientific_name:""Achillea""}",,,,,,Hawthorn for hope that things will get better;Protea to indicate the tide will turn in the recipientís favor
Zinnia,,"Because zinnias are easy to grow and reseed with abundance, the Victorians associated them with everlasting friendship. A bouquet of zinnias was a common gift for a friend leaving on a trip. It was meant to convey that the friend would be missed and thought of frequently while they were away","{meaning:""Everlasting Friendship"";scientific_name:""Zinnia""}",,,,,,Jasmine to tell a friend they bring you joy;Chamomile to show appreciation for a friendship that has survived adversity
A Bouquet for Friendship,,"Assemble this bouquet for a best friend, as a celebration of your friendship, to brighten their day, or to let them know theyíre on your mind.

Combine the following in a bouquet fastened with a teal chiffon ribbon:

Zinnia for everlasting friendship

Apple blossom for preference

Pansy for a friend you think of often

Eucalyptus for protection and to strengthen the bond of friendship, so that it may last throughout the years",,,,,,,
A Bouquet for Courting,,"This is the perfect bouquet to share with a new love, to thrill them or to solidify your exclusivity.

Combine the following in a bouquet fastened with a silky red ribbon:

Blush roses for a blossoming romance

Cornflower for hope in love

Sweet William for gallantry

Honeysuckle for devoted affection",,,,,,,
A Bouquet for Marriage,,"This arrangement may be used by a bride walking down the aisle, as a gift for newlyweds, or as dÈcor at an engagement celebration.",,,,,,,
A Bouquet for Sympathy,,"Assemble this arrangement for a loved one in grief, to commemorate a loss, or as a gift of tender affection during a difficult time.

Combine the following in a bouquet fastened with a black velvet ribbon:

Chrysanthemum for condolences

Marigold for grief

Lily of the valley to show that better days are ahead

Cypress for mourning

Mint for consolation",,,,,,,
"A Bouquet for
Regret and Sorrow",,"This bouquet is suitable for a loved one enduring heartache or separation, to comfort and console, or to remind someone that they are loved.

Combine the following in a bouquet fastened with a thin black bow:

Asphodel to indicate your regret will follow you to the grave

Azalea for fragility in a difficult time

Snowdrop for consolation and hope of better days ahead

Rue for regret

Willow for mourning",,,,,,,
A Bouquet for Apology,,"Assemble this arrangement to apologize for missing an important celebration or for forgetting a social engagement.

Combine the following in a bouquet fastened with green garland:

Columbine for foolishness

Rue for regret

Anemone for forsaken love

Forget-me-not to indicate you wonít forget again

Rosemary for remembrance",,,,,,,
"A Bouquet
for Forgotten
Obligations",,"Assemble this arrangement to apologize for missing an important celebration or for forgetting a social engagement.

Combine the following in a bouquet fastened with green garland:

Columbine for foolishness

Rue for regret

Anemone for forsaken love

Forget-me-not to indicate you wonít forget again

Rosemary for remembrance",,,,,,,
A Bouquet for Warnings,,"This bouquet is useful for warning someone you distrust or indicating that trouble is on the horizon.

Combine the following in a bouquet fastened with a bright red band:

Begonia for warning

Oleander for caution

Lavender for distrust

Foxglove for secrecy",,,,,,,
A Bouquet for Bitter Ends,,"This arrangement is a final, lasting reminder of your departure from a friendship or relationship that ended poorly.

Combine the following in a bouquet fastened with twine:

Petunias for anger and resentment

Datura for deceitful charms

Tansy for hostility

Thistle for misanthropy

Wormwood for bitterness",,,,,,,
A Bouquet for New Beginnings,,"This is the perfect bouquet to celebrate a new addition to the family or a new venture in someoneís life. It also makes a beautiful housewarming gift.

Combine the following in a bouquet fastened with a yellow tassel:

Crocus for youthful glee

Daisy for innocence and childhood purity

Lilac for first love

Babyís breath for purity and innocence

Wheat for riches",,,,,,,
The Albatross,," In The Rime of the Ancient Mariner, Samuel Taylor Coleridgeís narrative poem, a sailor kills an albatross with his crossbow. This sets off a series of distressing events, leading the crew of the ship to believe the killing of the bird cursed their voyage. They tie the albatross around the sailorís neck as punishment and to remind him of his mistake. A large bird, the albatrossís weight would have been difficult to bear. For this reason, the bird is associated with heavy, inescapable burdensóespecially those of a psychological nature.","{meaning:""Guilt, A burden"";scientific_name:""Diomedeidae""}",,,,,,
THE AMERICAN ROBIN,," In colder parts of North America, the first sight of a robin after a long winter is a symbol of hope for the coming warmth of spring.

The shÌsh·lh people tell a story of how the robin got his red breast. During a cold winter when the world was new, the young men left their tribeís cave to find food and wood for the fire. An elder man watched the fire and carefully kept it going for the tribe, but after many days awake, he fell asleep, and the fire began to go out. A gray robin saw that the fire was fading and beat his wings to keep it alive, burning his chest feathers bright orange in the process. The bird saved the people from freezing in the night, and the hunters returned the following day with food and firewood.","{meaning:""Hope"";scientific_name:""Turdus migratorius""}",,,,,,
THE ARCTIC TERN,,"Lore: These striking black, white, and gray seabirds with red bills hold the record for the longest migration in the animal kingdom. They fly from the Arctic, where they breed, to Antarctica, where they summer every year, a span of around forty-four thousand miles for the birds that nest in Iceland and Greenland. Arctic terns that nest in the Netherlands have a slightly shorter journey of around thirty thousand milesóstill a shocking feat. Itís no wonder these tenacious birds are well-known travelers.","{meaning:""Travels"";scientific_name:""Sterna paradisaea""}",,,,,,
THE BITTERN,,"Lore: Difficult to spot due to their striped, camouflaging feathers, these marshland birds are known for their booming call.

In Slavic folklore, the call of the bittern is associated with the drekavac, a mythical graveyard creature known for its distinctive screech. Branko ?opi?ís ìBrave Mita and Drekavac from the Pondî tells of fishermen who, after hearing what they believe to be the drekavac in their fishing territory, cease fishing and leave the villagers to starve. A local boy named Mita investigates the haunting sounds, discovering that their true source is the bittern.

Similarly, in Sir Arthur Conan Doyleís The Hound of the Baskervilles, one character suggests that the low, howling sound on the moors may be ìthe cry of the last of the bitterns.î","{meaning:""Fear of the unknown"";scientific_name:""Botaurinae""}",,,,,,
"THE BLACKBIRD
",,"Lore: In Italy, the giorni della merla (ìblackbird daysî) are the coldest days of the year, at the end of January. A popular Italian legend claims that blackbirds were once all white. During the coldest days of winter, the birds sought refuge in chimneys, where their feathers were blackened by soot. Though they are rare, albino (all white) and leucistic (black and white) blackbirds do appear from time to time, perhaps contributing to this lore.","{meaning:""Transformation"";scientific_name:""Turdus merula""}",,,,,,
THE BLUE JAY,,"In the antebellum American South, the noisy and aggressive blue jay was said to be a traveler between our world and hell, bringing sticks to fuel hellfire each Friday. The bird itself was not considered evil; rather, it had been cursed by the devil as the result of an ill-fated deal and attempted betrayal. Other stories tell of the blue jay bringing grains of sand to the underworld as ransom for the souls residing there. Always an intermediary creature, the blue jay flies the line between cunning and deceit.","{meaning:""Trachery"";scientific_name:""Cyanocitta cristata""}",,,,,,
THE BLUEBIRD,,"The French†fairy tale ìThe Blue Birdî by Madame†díAulnoy tells†the love story of Florine and King Charming.†Florineís†stepmother locks her in a tower while she attempts to†persuade the visiting king to marry her own daughteróFlorineís stepsister.†When he refuses, having fallen in love with†Florine at first sight, the queen curses him, transforming him†into a bluebird.†In his bird form, he visits Florine†in her tower, bringing her jewels and singing his song†of love.†Many years later, after the death of her†father and stepmother, Florine is freed and becomes queen.†She†searches for and finds King Charming, who has regained his†human form thanks to a kind enchanter, and the two†wed, fulfilling their long-deferred love.","{meaning:""Patience, Hope"";scientific_name:""Sialia""}",,,,,,
THE BOOBY,,"In the sixteenth century, these striking birds often landed on the ships of Spanish sailors exploring the Pacific coast and islands of Central and South America. Because the naive birds were easily captured and eaten, the sailors nicknamed them boboóslang at the time for ìfoolish.î The moniker stuck, perhaps helped by the birdsí awkward gait on land. Despite the name, boobies are in fact intelligent birds and are even graceful in air and on water. Likely never having seen such vessels, they approached the Spanish ships with an understandable (but ill-fated) curiosity.","{meaning:""Curiosity"";scientific_name:""Sula""}",,,,,,
THE BOWERBIRD,,"The male bowerbird is known for his elaborately crafted archway, or ìbower,î used to entice females to mate with him. Found in Australia and New Guinea, the bowerbird is the architect of the avian kingdom, creating an artful tunnel that leads to a decorated court full of carefully selected items arranged by color and shape. The male performs within the court, strutting and vocalizing, and the female bowerbird may accept his advances only if she is impressed.","{meaning:""Artistry"";scientific_name:""Ptilonorhynchidae""}",,,,,,
THE CALIFORNIA CONDOR,,"The critically endangered California condor is the largest North American land bird. Venerated by many Native American peoples, the bird is included in numerous creation stories.

The Wiyot people believe that the condor is the life giver from which all peoples descend. In the Wiyot creation myth, the condor and his sister are the only survivors of a great flood that covered the earth, marking a new beginning for humanity.

Today, many Native American tribes, notably the Yurok, are involved in giving the condor its own new beginning. Threatened by habitat destruction, poaching, and poisoning, the legendary bird is now among the rarest on Earth.","{meaning:""A new beginning"";scientific_name:""Gymnogyps californianus""}",,,,,,
THE CANARY,,"The phrase ìcanary in†a coal mineî refers to the use of†caged canaries†in mines during the early twentieth century.†Because the birds†are much more sensitive than humans to carbon monoxide and†other toxic gases, their behavior could warn miners of dangerous†conditions.†If the bird perished or became agitated, it gave†workers enough time to get aboveground before being harmed themselves.","{meaning:""A warning"";scientific_name:""Serinus""}",,,,,,
THE CARDINAL,,"Bright-red male cardinals are named after Catholic†cardinals, high-ranking church dignitaries who wear red robes to†signify their importance.†The name ìcardinalî comes from the Latin†cardo,†meaning ìhingeî: something or someone upon which another depends. Like a red-robed clergyman acting decisively and with authority, these regal birds exude a powerful confidence.","{meaning:""Confidence"";scientific_name:""Cardinalis""}",,,,,,
"THE CASSOWARY
",,"A large, flightless bird, the cassowary plays an important role in Australian Aboriginal traditional stories. One tale of Dreamtimeóthe summary term for world-creation beliefs in Aboriginal religion and cultureótells of how the bird got his unusual hornlike head crest, called a casque: The poor bird was mocked by the other animals for having small wings and being unable to fly. One day, while fleeing his bullies, the cassowary ran into a rock, breaking it into pieces, one of which stuck to the top of his head. Everyone laughed at the bird, and he withdrew even further from the community. But when a group of snakes attacked, the cassowary heard the cries of the other animals and came to their rescue, using his casque to push away the predators. From then on, he was celebrated as a hero.","{meaning:""Defying Expectations"";scientific_name:""Casuarius""}",,,,,,
THE CATBIR,,"†A member of the Mimidae family along with†mockingbirds and thrashers, the gray catbird is aptly named: its†call sounds just like a meowing cat.†Because catbirds tend†to sing from high and exposed perches, they have come†to be associated with advantage.†The idiom ìin the catbird†seat,î coined in the American South to describe someone in†a position of power or control, was popularized by early†twentieth-century baseball announcer Red Barber, who claimed to have†heard it while playing poker.","{meaning:""Advantage"";scientific_name:""Dumetella carolinensis""}",,,,,,
THE CHICKADEE,,"The humble chickadee is revered in Cherokee legend as an honest messenger. One folktale tells of an evil, shapeshifting witch called Spearfinger, named for the long, stony finger she used to attack anyone who got too close. Try as they might, the villagers were unable to destroy heróthat is, until a chickadee revealed that the witchís heart was located in her sharp finger. A hunter aimed his arrow at the witchís finger, killing her and confirming the helpful chickadeeís trustworthiness.","{meaning:""Honesty"";scientific_name:""Poecile""}",,,,,,
THE COOT,,"The coot looks a bit like a cross between a chicken and a duck, with dark plumage, a rounded body, and large feet.

The N¸wa people of modern-day California say that the coot, or the Earth Diver, existed in a time when only water covered the globe. All the animals and birds tried to dive down to the bottom of the sea to bring up dirt to create the land, but only the coot was successful. The birdís tenacious efforts produced the terrain we walk on today.","{meaning:""Tenacity"";scientific_name:""Fulica""}",,,,,,
THE CORMORANT,,"A large black seabird, the cormorant features in folklore from around the world, typically symbolizing victory over death. In Homerís Odyssey, a sea nymph disguises herself as a cormorant and helps a shipwrecked Odysseus make it to shore. Similarly, in Norwegian folklore, it is said that the spirits of those lost at sea return to their loved ones in the form of cormorants. Associated with strength and good fortune, the bird is also a common heraldic symbol, appearing in many European coats of arms.","{meaning:""Good luck, Victory"";scientific_name:""Phalacrocorax""}",,,,,,
THE COWBIRD,,"The cowbirdís scientific name,†Molothrus,†is a†combination†of the Greek words meaning ìstruggleî or ìbattleî and ìto†impregnate,î alluding to its habit of laying eggs in other†birdsí nests.†Like some cuckoos, the female cowbird does not†build her own nest; instead, she observes potential surrogate mothers†and lays her egg in the nest of one sheís confident will care for her hatchling.†When she does†this, the cowbird may secretly remove or destroy one of†the surrogate motherís eggs, making room for her own.","{meaning:""Stealth"";scientific_name:""Molothrus""}",,,,,,
The Crane,,"The craneís graceful beauty has given rise to dozens of myths. In Japan, where it is rumored that cranes live for a thousand years, the birds are revered as symbols of fortune and longevity.

In the story of ìTsuru no ongaeshi,î meaning ìthe craneís return of a favor,î a poor man nurses an injured crane back to life. After the bird is healed and flies away, the man finds a beautiful woman, who becomes his wife. She tells her husband not to come into her room until she is finished creating something that will make them wealthy. After a week, she presents him with a beautiful weavingóbut she appears to be ill. He sells the weaving, and she begins to make another. This time, he looks in on her, breaking his promise not to enter her room, and sees that she is the same crane he rescued. She has been disguising herself as a woman and using her own feathers to weave beautiful silks for him to sell. She tells him she can no longer stay with him now that he has discovered her secret.","{meaning:""Fortune"";scientific_name:""Grus""}",,,,,,
The Crow,,"Crows are known around the world for their intelligence and cunning. In Aesopís Fables, an ancient Greek collection of moralistic tales, a thirsty crow comes upon a jar containing water, but the jar has a long neck, and the bird canít reach the liquid inside. Knowing if the jar tips over that the water will be spilled and wasted, the crow comes up with a brilliant plan: he drops pebbles into the jar one by one, displacing the water so that it rises nearer the opening. Finally able to take a sip, the clever bird quenches his thirst.","{meaning:""Cleverness"";scientific_name:""Corvus""}",,,,,,
THE CUCKOO,," Like the cowbird, the parasitic cuckoo is known for hiding her eggs in the nests of other bird species. Hatchling cuckoos will then push the competing chicks out of the nest and enjoy nourishment from the unsuspecting parents.

The term ìcuckoldî derives from the cuckoo. Most often, it refers to a man whose wife has been unfaithful to him, but originally, the term could be applied to an adulterer of either sex. For example, in Greek mythology, Zeus, king of the ancient Greek gods, turns himself into a cuckoo to woo the goddess Hera. The two wed, but Zeus is a notorious philanderer who fathers several children with other goddesses, nymphs, and mortal women.","{meaning:""Duplicity"";scientific_name:""Cuculus""}",,,,,,
THE DODO,,"The dodo was a flightless bird from Mauritius that became extinct in the seventeenth century due to overhunting and habitat loss. The bird was once well-adapted to its environment, with few natural predators and a wealth of food sources. However, following the arrival of the Dutch on the island in 1598, the number of dodos began to dwindle, and by the 1660s, they had died out completely.

Today, we say that something has ìgone the way of the dodoî to mean that it has become obsolete. The fate of these birds is a tragic reminder of how quickly human activity can destroy a species.","{meaning:""Obsolence"";scientific_name:""Raphus cucullatus""}",,,,,,
THE DOVE,,"The biblical story of Noahís Ark conjures the image of a white dove carrying an olive branch in its beak, an iconic symbol of hope. After many weeks at sea, Noah sends a dove out to look for land. When the bird returns with an olive branch, Noah knows the floodwaters are receding and he will soon find safe harbor. In Christian art, the Holy Spirit often takes the form of a dove.

Earlier cultures associated the dove with love. It was a symbol of Astarte, the goddess of love and war in ancient Mesopotamia, as well as Aphrodite, the Greek goddess of love.","{meaning:""Love, Hope"";scientific_name:""Streptopelia risoria""}",,,,,,
The Duck,," Ducks appear in many childrenís stories, but perhaps most iconically in Hans Christian Andersenís ìThe Ugly Ducklingîó
a tale in which an unusual-looking duckling is relentlessly teased by his siblings. After much hardship, the duckling finds himself welcomed into a flock of wild swans. Seeing his reflection in the water, he realizes that he is not a duck at all but a swan.

Folklore featuring ducks confused for swans (and vice versa) abounds, perhaps because the two species belong to the Anatidae family of waterbirds. Interestingly, in another of Andersenís stories, ìThe Wild Swans,î he modifies a traditional Norwegian tale. In the original, twelve boys are transformed into ducks, but in Andersenís version, there are eleven boys, and they become swans. In both stories, the boysí sister works to restore their human form.","{meaning:""Transfiguration"";scientific_name:""Anatidae""}",,,,,,
THE EAGLE,,"Reverence for these large birds of prey appears in folklore and history from around the world. A well-known symbol in American and European heraldry, the eagleís association with strength may derive from its connection to the Greek god Zeus. He was said to favor the bird for its perceived strength and power.

The Roman naturalist Pliny the Elder took this a step further, writing that eagles were able to look directly at the sun without blinking and trained their offspring to do the sameóhence the term ìeagle-eyed,î meaning highly observant and attuned to small details.

Early Christian writers also associated the eagle with strength, emphasizing its ability to ascend heavenward. The eagle became a symbol of Saint John the Evangelist, whose gospel was thought to have a soaring, inspirational quality.","{meaning:""Strength, Focus"";scientific_name:""Accipitridae""}",,,,,,
The Egret,,"Egrets, a type of heron, have elegant long legs and glistening white feathers. In Maori culture, the great egretócalled the kotukuóis a symbol of rare beauty. Because only 150 to 200 egrets nest in New Zealand, the Maori coined the phrase ìrare as the kotukuî to describe a remarkably beautiful person. Another phrase, te kotuku rerenga tahi, translates to ìthe egret of a single flightî and refers to esteemed guests who seldom visit. To spot a kotuku, or to be called one, is considered a blessing in Maori tradition.","{meaning:""Rare Beauty"";scientific_name:""Ardeinae""}",,,,,,
THE EMU,,"The national bird of Australia, the towering emu holds a prominent place in Aboriginal culture and Dreamtime folklore. The dark bands of the Milky Way are said to depict an ìemu in the sky,î and diverse tales from various peoples tell of how the emu came to appear there.

Another story relates how the emu egg became the sun: An argument broke out between Dinewan, an emu, and Brolga, a crane. Brolga threw an egg from Dinewanís nest into the sky, and the yolk of the egg transformed into the sun.","{meaning:""Celestial guidance"";scientific_name:""Dromaius novaehollandiae""}",,,,,,
THE EUROPEAN ROBIN,," So beloved are these birds that to harm or kill a European robin is to invite a curse. In Norse mythology, the robin was sacred to Thoróthe god of thunderóand he was said to strike with lightning anyone who hurt the bird or its nest. An old British rhyme references this idea:
The robin and the wren
Are God Almightyís cock and hen
Him that harries their nest
Never shall his soul have rest.
Later British folktales suggest that the robinís breast was stained red by the blood of Jesus as he was crucified. The robin sang to comfort him and, in some stories, attempted to remove his crown of thorns.","{meaning:""Compassion"";scientific_name:""Erithacus rubecula""}",,,,,,
THE FINCH,,"Appreciated for their charming feathers and joyous chirps, finches have long been kept as pets. Dexterous creatures, they can be taught to perform tricks, such as ringing a bell or lifting a small bucket of food or water on a string.

Goldfinches in particular appear frequently in Renaissance depictions of the Madonna and child. They were a favorite household pet at the time, often given to children.","{meaning:""Domesticity"";scientific_name:""Fringillidae""}",,,,,,
"THE FLAMINGO
",,"These iconic pink birds may explain the origin of the mythological phoenix. ìFlamingoî comes from the Latin flamma, meaning ìflame.î In ancient times, travelers to the Great Rift Valley in eastern Africa would occasionally see these large reddish birds through the thick, steamy mists of near-boiling volcanic lakes. The creatures were even known to drink the caustic lake water. Reports of these ìfire birdsî were passed on to the Greeks and eventually made their way throughout Europe, perhaps inspiring the tale of the phoenix, a bird said to burst into flames and then reemerge from its own ashes.","{meaning:""Survival"";scientific_name:""Phoenicopteridae""}",,,,,,
THE GANNET,,"The gannet, a seabird with a voracious appetite, is often found on islands and coasts. In the Faeroe Islands, the myth of the three gifts for Mykines tells of the importance of gannets as a food source. After islander ”li defeats the giant TÛrur Rami, TÛrur gives him and the island three gifts, which they can keep as long as they do not laugh at them. The first is the bottlenose whale, the second is driftwood, and the third is the gannet. ”li and the islanders mock the whale and driftwood, but they accept the gift of the gannet, considered a delicacy.","{meaning:"" A gift"";scientific_name:""Morus""}",,,,,,
THE GOOSE,,"To ìkill the goose that lays the golden eggî is to shortsightedly destroy oneís source of prosperity. The phrase derives from Aesopís Fables, but legends of waterfowl laying golden eggs can be found in many cultures. In Aesopís tale, a couple kills their goose that lays golden eggs, thinking the bird itself must be made of gold. Instead, they are left with an ordinary dead goose and no more golden eggs.

In an earlier Hindu myth, the creator god Brahma is said to have been born from a golden egg, and he is often depicted riding a goose. Ancient Egyptians, too, told of a creator god who took the form of a goose that laid a golden egg. When the egg hatched, it became the sun. These legends likely influenced Aesopís allegory.","{meaning:""Wealth"";scientific_name:""Anser""}",,,,,,
THE GRACKLE,,"Loud black birds with dazzling iridescent plumage, grackles are known to devastate crops with their fondness for grain. For this reason, they are most often seen as pests. Indeed, a flock of grackles is called a plague, referencing the damage a group of these birds can quickly inflict.

Grackles werenít always seen as a nuisance, however. In the late 1400s, the Aztec emperor Ahuitzotl was so enamored of great-tailed grackles that he demanded they be brought from the area of modern-day Veracruz to the Valley of Mexico, the center of the empire. They were considered sacred and called teotzanatl, meaning ìdivine grackle.î","{meaning:""Intrusion"";scientific_name:""Quiscalus""}",,,,,,
,,,"{meaning:""Curiosity"";scientific_name:""Sula""}",,,,,,
,,,"{meaning:""Curiosity"";scientific_name:""Sula""}",,,,,,
,,,"{meaning:""Curiosity"";scientific_name:""Sula""}",,,,,,
,,,"{meaning:""Curiosity"";scientific_name:""Sula""}",,,,,,
,,,"{meaning:""Curiosity"";scientific_name:""Sula""}",,,,,,
,,,"{meaning:""Curiosity"";scientific_name:""Sula""}",,,,,,
,,,"{meaning:""Curiosity"";scientific_name:""Sula""}",,,,,,
