excercises,audio_path
back squat,
front squat,
Deadlift conventional,
Deadlift Romanian,
Bench press,
Overhead press,
Pull-ups,
Chin-ups,
Barbell row,
Lat pulldown,
Leg press,
Dumbbell bench press,
Dumbbell shoulder press,
"Bicep curls ",
Tricep pushdowns,
Chest fly,
Leg curl,
Leg extension,
Plank,
Hanging leg raises,
Treadmill running or walking,
Stationary bike / spin bike,
Bodyweight Squats,
Lunges,
Wall Sit,
Glute Bridges,
Push-ups,
Triceps Dips,
Side Plank,
Jumping Jacks,
Burpees,
Abdominal Crunch,
Step-Ups,
High Knees,
Push-Up + Rotation,
Break,